{"dataURL":"file:\/\/\/Users\/kirakiraakira\/Downloads\/zrj\/data\/","id":"C859463F-F1FA-47E6-8E03-CD0590BB9A32","createdDate":"2022-10-29T03:15:54Z","title":"data","modifiedDate":"2022-10-29T03:38:48Z","preferredFilename":"data","version":"1.0","dataResult":{"itemsCount":2706,"createdDate":"2022-10-29T03:15:54Z","dataURL":"file:\/\/\/Users\/kirakiraakira\/Downloads\/zrj\/data\/","dataSourceID":"C859463F-F1FA-47E6-8E03-CD0590BB9A32","classesCount":3,"analysis":{"summary":{"sampleCount":2706,"classCount":3,"canUseValidation":1},"issues":[{"description":"3 classes found, including pos, neu, neg","severity":"debug"},{"description":"2706 texts found, automatically creating validation set","severity":"good"},{"description":"Smallest class is \"neg\" with 257 texts","severity":"debug"},{"description":"Largest class is \"pos\" with 2174 text","severity":"debug"}],"classifierAnalysis":{"labelStats":{"pos":2174,"neu":275,"neg":257}}}},"activityEntities":["dataSourceCreated",[{"id":"A9885E20-5258-4E2A-B032-451B5B4FE504","title":"Data Source Created","createdDate":"2022-10-29T03:15:54Z","event":"dataSourceCreated","subtitle":"data"}],"dataSourceMetrics",[{"id":"5EEC8A10-4DFD-47DB-9892-FA61E4B785A3","title":"Data Summary","createdDate":"2022-10-29T03:16:03Z","event":"dataSourceMetrics","subtitle":"3 Classes, 2,706 Items"}],"dataSourceTrainingStarted",[{"id":"B843CDBD-D4F3-417C-9D91-3943A27FB8C2","title":"Used By","createdDate":"2022-10-29T03:16:03Z","event":"dataSourceTrainingStarted","subtitle":"cs229_proj 2"}]],"pathType":0,"experimentIDs":["A1BC6923-8468-498A-A9E2-1C734662A416","075BC504-3D33-44CA-A7E3-EE29EC6B6A18"]}