{"dataURL":"file:\/\/\/Users\/kirakiraakira\/Downloads\/zrj\/data\/train\/","id":"32AA8022-7DD4-4816-9618-5ACA9E72B21D","createdDate":"2022-10-29T03:39:04Z","title":"train","modifiedDate":"2022-10-29T19:54:49Z","preferredFilename":"train","version":"1.0","dataResult":{"itemsCount":2165,"createdDate":"2022-10-29T03:39:04Z","dataURL":"file:\/\/\/Users\/kirakiraakira\/Downloads\/zrj\/data\/train\/","dataSourceID":"32AA8022-7DD4-4816-9618-5ACA9E72B21D","classesCount":3,"analysis":{"summary":{"sampleCount":2165,"classCount":3,"canUseValidation":1},"issues":[{"description":"3 classes found, including pos, neu, neg","severity":"debug"},{"description":"2165 texts found, automatically creating validation set","severity":"good"},{"description":"Smallest class is \"neg\" with 198 texts","severity":"debug"},{"description":"Largest class is \"pos\" with 1756 text","severity":"debug"}],"classifierAnalysis":{"labelStats":{"pos":1756,"neu":211,"neg":198}}}},"activityEntities":["dataSourceTrainingStarted",[{"id":"EF1576A9-8787-4097-AF2B-CE907F993EDC","title":"Used By","createdDate":"2022-10-29T03:39:14Z","event":"dataSourceTrainingStarted","subtitle":"cs229_proj_v2"},{"id":"E0CE8D89-01EB-4604-B263-5524C701292A","title":"Used By","createdDate":"2022-10-29T03:39:43Z","event":"dataSourceTrainingStarted","subtitle":"cs229_proj_v2 copy"},{"id":"CC77F82F-2D87-4CD0-A4AA-EEB2FD068EE2","title":"Used By","createdDate":"2022-10-29T03:40:10Z","event":"dataSourceTrainingStarted","subtitle":"cs229_proj_v2 copy 1"}],"dataSourceMetrics",[{"id":"77E68F16-F0F0-434A-B9C7-D2C2AB6C3BED","title":"Data Summary","createdDate":"2022-10-29T03:39:14Z","event":"dataSourceMetrics","subtitle":"3 Classes, 2,165 Items"},{"id":"14F655E9-5255-4928-A858-FE6F6D081CAA","title":"Data Summary","createdDate":"2022-10-29T03:39:43Z","event":"dataSourceMetrics","subtitle":"3 Classes, 2,165 Items"},{"id":"8863A495-93AD-48FB-A096-7818B5CE8FCB","title":"Data Summary","createdDate":"2022-10-29T03:40:10Z","event":"dataSourceMetrics","subtitle":"3 Classes, 2,165 Items"}],"dataSourceCreated",[{"id":"35DE87D8-97F5-4F3A-B058-B0F776DB8012","title":"Data Source Created","createdDate":"2022-10-29T03:39:04Z","event":"dataSourceCreated","subtitle":"train"}]],"pathType":0,"experimentIDs":["075BC504-3D33-44CA-A7E3-EE29EC6B6A18","CFA24FD0-4DF9-43E4-A928-5BF20139FCA2","433BA767-66C7-4C01-966E-5A569A83369C"]}