{"id":"A1BC6923-8468-498A-A9E2-1C734662A416","validationEntity":{"analysedDataType":"auto","dataResult":{"createdDate":"2022-10-28T20:40:31Z"}},"modelEntity":{"createdDate":"2022-10-28T20:40:31Z","id":"0F5A4DC3-B4B9-4534-BD92-829B87C4BA1A","experimentID":"A1BC6923-8468-498A-A9E2-1C734662A416","title":"","modifiedDate":"2022-10-28T20:40:31Z","preferredFilename":"","version":"1.0","modelURL":"Models\/cs229_proj%202.mlmodel"},"version":"1.0","settingEntity":{"taskType":"textClassifier","augmentations":[],"styleTransferAlgorithmType":"image","iterationCount":150,"transferLearningEmbeddingType":"dynamic","harVideoAugmentations":0,"handPoseClassifierAugmentations":[],"algorithmType":"maxEnt","handActionClassifierAugmentations":[],"seedType":"default","featureNames":[]},"state":"trained","trainingEntity":{"finishTime":"2022-10-29T03:16:05Z","recipeTrainingResults":{"textClassifier":{"confusionMatrix":[{"expected":"neg","actual":"neg","count":243},{"expected":"pos","actual":"neg","count":1},{"expected":"neg","actual":"neu","count":1},{"expected":"neu","actual":"neu","count":255},{"expected":"pos","actual":"neu","count":5},{"expected":"neg","actual":"pos","count":1},{"expected":"pos","actual":"pos","count":2061}],"statsByLabel":{"pos":{"count":2062,"precisionRecall":{"success":{"recall":0.99951503394762364,"precision":0.99709724238026121}}},"neu":{"count":261,"precisionRecall":{"success":{"recall":0.97701149425287359,"precision":1}}},"neg":{"count":244,"precisionRecall":{"success":{"recall":0.99590163934426235,"precision":0.99183673469387756}}}},"accuracy":0.9968835216205687}},"dataResult":{"itemsCount":2706,"createdDate":"2022-10-28T20:40:31Z","dataURL":"file:\/\/\/Users\/kirakiraakira\/Downloads\/zrj\/data\/","dataSourceID":"C859463F-F1FA-47E6-8E03-CD0590BB9A32","classesCount":3,"analysis":{"summary":{"sampleCount":2706,"classCount":3,"canUseValidation":1},"issues":[{"description":"3 classes found, including pos, neu, neg","severity":"debug"},{"description":"2706 texts found, automatically creating validation set","severity":"good"},{"description":"Smallest class is \"neg\" with 257 texts","severity":"debug"},{"description":"Largest class is \"pos\" with 2174 text","severity":"debug"}],"classifierAnalysis":{"labelStats":{"neg":257,"neu":275,"pos":2174}}}},"dataURL":"file:\/\/\/Users\/kirakiraakira\/Downloads\/zrj\/data\/","featureExtractionCheckpointMayBeAvailable":false,"recipeValidationResults":{"textClassifier":{"confusionMatrix":[{"expected":"neg","actual":"neg","count":7},{"expected":"neu","actual":"neg","count":2},{"expected":"pos","actual":"neg","count":4},{"expected":"neg","actual":"neu","count":1},{"expected":"neu","actual":"neu","count":5},{"expected":"pos","actual":"neu","count":8},{"expected":"neg","actual":"pos","count":2},{"expected":"neu","actual":"pos","count":2},{"expected":"pos","actual":"pos","count":108}],"statsByLabel":{"neg":{"count":13,"precisionRecall":{"success":{"recall":0.53846153846153844,"precision":0.69999999999999996}}},"neu":{"count":14,"precisionRecall":{"success":{"recall":0.35714285714285715,"precision":0.55555555555555558}}},"pos":{"count":112,"precisionRecall":{"success":{"recall":0.9642857142857143,"precision":0.90000000000000002}}}},"accuracy":0.86330935251798557}},"progress":[{"tcTrainingColumnHeader":{"hasValidation":false,"elapsedTime":0,"remainingIterationCount":10,"hasTraining":true,"trainingAccuracy":0.8032723069190979,"validationAccuracy":0},"isLast":false,"currentRowIndex":0,"count":1,"tableDone":false,"tableIndex":1,"percentComplete":0},{"tcTrainingColumnHeader":{"hasValidation":false,"elapsedTime":0,"remainingIterationCount":9,"hasTraining":true,"trainingAccuracy":0.80444097518920898,"validationAccuracy":0},"isLast":false,"currentRowIndex":0,"count":2,"tableDone":false,"tableIndex":1,"percentComplete":0},{"tcTrainingColumnHeader":{"hasValidation":false,"elapsedTime":0,"remainingIterationCount":8,"hasTraining":true,"trainingAccuracy":0.88897544145584106,"validationAccuracy":0},"isLast":false,"currentRowIndex":0,"count":3,"tableDone":false,"tableIndex":1,"percentComplete":0},{"tcTrainingColumnHeader":{"hasValidation":false,"elapsedTime":0,"remainingIterationCount":7,"hasTraining":true,"trainingAccuracy":0.91351771354675293,"validationAccuracy":0},"isLast":false,"currentRowIndex":0,"count":4,"tableDone":false,"tableIndex":1,"percentComplete":0},{"tcTrainingColumnHeader":{"hasValidation":false,"elapsedTime":0,"remainingIterationCount":6,"hasTraining":true,"trainingAccuracy":0.96065443754196167,"validationAccuracy":0},"isLast":false,"currentRowIndex":0,"count":5,"tableDone":false,"tableIndex":1,"percentComplete":0},{"tcTrainingColumnHeader":{"hasValidation":false,"elapsedTime":0,"remainingIterationCount":5,"hasTraining":true,"trainingAccuracy":0.98208022117614746,"validationAccuracy":0},"isLast":false,"currentRowIndex":0,"count":6,"tableDone":false,"tableIndex":1,"percentComplete":0},{"tcTrainingColumnHeader":{"hasValidation":false,"elapsedTime":0,"remainingIterationCount":4,"hasTraining":true,"trainingAccuracy":0.99220877885818481,"validationAccuracy":0},"isLast":false,"currentRowIndex":0,"count":7,"tableDone":false,"tableIndex":1,"percentComplete":0},{"tcTrainingColumnHeader":{"hasValidation":false,"elapsedTime":0,"remainingIterationCount":3,"hasTraining":true,"trainingAccuracy":0.99532526731491089,"validationAccuracy":0},"isLast":false,"currentRowIndex":0,"count":8,"tableDone":false,"tableIndex":1,"percentComplete":0},{"tcTrainingColumnHeader":{"hasValidation":false,"elapsedTime":0,"remainingIterationCount":2,"hasTraining":true,"trainingAccuracy":0.99610441923141479,"validationAccuracy":0},"isLast":false,"currentRowIndex":0,"count":9,"tableDone":false,"tableIndex":1,"percentComplete":0},{"tcTrainingColumnHeader":{"hasValidation":false,"elapsedTime":0,"remainingIterationCount":1,"hasTraining":true,"trainingAccuracy":0.99688351154327393,"validationAccuracy":0},"isLast":false,"currentRowIndex":0,"count":10,"tableDone":false,"tableIndex":1,"percentComplete":0},{"tcTrainingColumnHeader":{"hasValidation":false,"elapsedTime":0,"remainingIterationCount":0,"hasTraining":true,"trainingAccuracy":0.99727308750152588,"validationAccuracy":0},"isLast":false,"currentRowIndex":0,"count":11,"tableDone":true,"tableIndex":1,"percentComplete":0},{"currentRowIndex":0,"tableIndex":0,"count":67,"isLast":false,"percentComplete":0,"tableDone":false},{"currentRowIndex":0,"tableIndex":0,"count":167,"isLast":false,"percentComplete":0,"tableDone":false},{"currentRowIndex":0,"tableIndex":0,"count":267,"isLast":false,"percentComplete":0,"tableDone":false},{"currentRowIndex":0,"tableIndex":0,"count":367,"isLast":false,"percentComplete":0,"tableDone":false},{"currentRowIndex":0,"tableIndex":0,"count":467,"isLast":false,"percentComplete":0,"tableDone":false},{"currentRowIndex":0,"tableIndex":0,"count":567,"isLast":false,"percentComplete":0,"tableDone":false},{"currentRowIndex":0,"tableIndex":0,"count":667,"isLast":false,"percentComplete":0,"tableDone":false},{"currentRowIndex":0,"tableIndex":0,"count":767,"isLast":false,"percentComplete":0,"tableDone":false},{"currentRowIndex":0,"tableIndex":0,"count":867,"isLast":false,"percentComplete":0,"tableDone":false},{"currentRowIndex":0,"tableIndex":0,"count":967,"isLast":false,"percentComplete":0,"tableDone":false},{"currentRowIndex":0,"tableIndex":0,"count":1067,"isLast":false,"percentComplete":0,"tableDone":false},{"currentRowIndex":0,"tableIndex":0,"count":1167,"isLast":false,"percentComplete":0,"tableDone":false},{"currentRowIndex":0,"tableIndex":0,"count":1267,"isLast":false,"percentComplete":0,"tableDone":false},{"currentRowIndex":0,"tableIndex":0,"count":1367,"isLast":false,"percentComplete":0,"tableDone":false},{"currentRowIndex":0,"tableIndex":0,"count":1467,"isLast":false,"percentComplete":0,"tableDone":false},{"currentRowIndex":0,"tableIndex":0,"count":1567,"isLast":false,"percentComplete":0,"tableDone":false},{"currentRowIndex":0,"tableIndex":0,"count":1667,"isLast":false,"percentComplete":0,"tableDone":false},{"currentRowIndex":0,"tableIndex":0,"count":1767,"isLast":false,"percentComplete":0,"tableDone":false},{"currentRowIndex":0,"tableIndex":0,"count":1867,"isLast":false,"percentComplete":0,"tableDone":false},{"currentRowIndex":0,"tableIndex":0,"count":1967,"isLast":false,"percentComplete":0,"tableDone":false},{"currentRowIndex":0,"tableIndex":0,"count":2067,"isLast":false,"percentComplete":0,"tableDone":false},{"currentRowIndex":0,"tableIndex":0,"count":2167,"isLast":false,"percentComplete":0,"tableDone":false},{"currentRowIndex":0,"tableIndex":0,"count":2267,"isLast":false,"percentComplete":0,"tableDone":false},{"currentRowIndex":0,"tableIndex":0,"count":2367,"isLast":false,"percentComplete":0,"tableDone":false},{"currentRowIndex":0,"tableIndex":0,"count":2467,"isLast":false,"percentComplete":0,"tableDone":false},{"currentRowIndex":0,"tableIndex":0,"count":2567,"isLast":false,"percentComplete":0,"tableDone":true}],"trainingAccuracy":0.9968835216205687,"checkpointMetrics":{},"analysedDataType":"none","dataSourceID":"C859463F-F1FA-47E6-8E03-CD0590BB9A32","snapshottableCheckpoints":{},"validationAccuracy":0.86330935251798557,"startTime":"2022-10-29T03:16:03Z"},"createdDate":"2022-10-28T20:40:31Z","evaluationContainerEntity":{"testingEvaluationEntity":{"id":"e2cca032-750f-4af3-9aad-984f4edbf464","createdDate":"2022-10-28T20:40:31Z","dataResult":{"createdDate":"2022-10-28T20:40:31Z"},"analysedDataType":"none"},"createdDate":"2022-10-29T03:49:41Z","id":"46026004-c672-40c4-a5af-6d166ff9626c","trainingEvaluationEntity":{"result":{"textClassifier":{"confusionMatrix":[{"expected":"neg","actual":"neg","count":243},{"expected":"pos","actual":"neg","count":1},{"expected":"neg","actual":"neu","count":1},{"expected":"neu","actual":"neu","count":255},{"expected":"pos","actual":"neu","count":5},{"expected":"neg","actual":"pos","count":1},{"expected":"pos","actual":"pos","count":2061}],"statsByLabel":{"pos":{"count":2062,"precisionRecall":{"success":{"recall":0.99951503394762364,"precision":0.99709724238026121}}},"neu":{"count":261,"precisionRecall":{"success":{"recall":0.97701149425287359,"precision":1}}},"neg":{"count":244,"precisionRecall":{"success":{"recall":0.99590163934426235,"precision":0.99183673469387756}}}},"accuracy":0.9968835216205687}},"createdDate":"2022-10-28T20:40:31Z","id":"97d3e857-ea56-4a6f-b528-4cdb094b9e1d","dataURL":"file:\/\/\/Users\/kirakiraakira\/Downloads\/zrj\/data\/","dataSourceID":"C859463F-F1FA-47E6-8E03-CD0590BB9A32","dataResult":{"itemsCount":2706,"createdDate":"2022-10-28T20:40:31Z","dataURL":"file:\/\/\/Users\/kirakiraakira\/Downloads\/zrj\/data\/","dataSourceID":"C859463F-F1FA-47E6-8E03-CD0590BB9A32","classesCount":3,"analysis":{"summary":{"sampleCount":2706,"classCount":3,"canUseValidation":1},"issues":[{"description":"3 classes found, including pos, neu, neg","severity":"debug"},{"description":"2706 texts found, automatically creating validation set","severity":"good"},{"description":"Smallest class is \"neg\" with 257 texts","severity":"debug"},{"description":"Largest class is \"pos\" with 2174 text","severity":"debug"}],"classifierAnalysis":{"labelStats":{"neg":257,"neu":275,"pos":2174}}}},"analysedDataType":"none"},"previewType":"textClassifier","modifiedDate":"2022-10-29T03:49:41Z","validationEvaluationEntity":{"result":{"textClassifier":{"confusionMatrix":[{"expected":"neg","actual":"neg","count":7},{"expected":"neu","actual":"neg","count":2},{"expected":"pos","actual":"neg","count":4},{"expected":"neg","actual":"neu","count":1},{"expected":"neu","actual":"neu","count":5},{"expected":"pos","actual":"neu","count":8},{"expected":"neg","actual":"pos","count":2},{"expected":"neu","actual":"pos","count":2},{"expected":"pos","actual":"pos","count":108}],"statsByLabel":{"pos":{"count":112,"precisionRecall":{"success":{"recall":0.9642857142857143,"precision":0.90000000000000002}}},"neu":{"count":14,"precisionRecall":{"success":{"recall":0.35714285714285715,"precision":0.55555555555555558}}},"neg":{"count":13,"precisionRecall":{"success":{"recall":0.53846153846153844,"precision":0.69999999999999996}}}},"accuracy":0.86330935251798557}},"id":"e7dfe029-0374-4c7c-b3cf-5224657b8c90","createdDate":"2022-10-28T20:40:31Z","dataResult":{"createdDate":"2022-10-28T20:40:31Z"},"analysedDataType":"auto"},"evaluationEntities":[{"id":"bcc225a1-b32c-42f3-a40c-1968a81d7b0b","createdDate":"2022-10-29T03:16:38Z","dataResult":{"createdDate":"2022-10-29T03:39:39Z"},"analysedDataType":"none"}]},"evaluationEntities":[],"activityEntities":["trainingDataAdded",[{"id":"CCFBB11C-CF10-4A86-88F4-D46AC0DF86A1","title":"Training Data Added","createdDate":"2022-10-29T03:15:54Z","event":"trainingDataAdded","subtitle":"data"}],"experimentCreated",[{"id":"48FED990-B669-48F3-B0FD-3F301C64961F","title":"Model Source Created","createdDate":"2022-10-28T20:40:31Z","event":"experimentCreated","subtitle":"cs229_proj 2"}],"trainingStarted",[{"id":"E5303BB6-793A-439D-A9FA-37B3D0AA613E","title":"Training Started","createdDate":"2022-10-29T03:16:03Z","event":"trainingStarted","subtitle":"150 iterations"}],"trainingFinished",[{"id":"3FFFD1BE-F219-4507-ACED-4C039E9C5B21","title":"Training Completed","createdDate":"2022-10-29T03:16:05Z","event":"trainingFinished","subtitle":"Model converged at 11 iterations"}]],"title":"cs229_proj 2","evaluationEntity":{"id":"41cf94e7-3ce9-4262-abb5-57a2f26ce039","createdDate":"2022-10-28T20:40:31Z","dataResult":{"createdDate":"2022-10-28T20:40:31Z"},"analysedDataType":"none"},"evaluationState":"uninitialized","snapshotRole":{"withoutSnapshots":0},"modifiedDate":"2022-10-29T03:49:41Z","contentDataResult":{"createdDate":"2022-10-28T20:40:31Z"},"preferredFilename":"cs229_proj 2"}