{"id":"CFA24FD0-4DF9-43E4-A928-5BF20139FCA2","validationEntity":{"analysedDataType":"auto","dataResult":{"createdDate":"2022-10-29T03:39:38Z"}},"modelEntity":{"createdDate":"2022-10-29T03:39:38Z","id":"AC19BAFC-F876-4BFA-AB64-FA9D0BAD3E57","experimentID":"FC413E67-826D-4E90-8913-6950FEBB1B1C","title":"","modifiedDate":"2022-10-29T03:39:38Z","preferredFilename":"","version":"1.0","modelURL":"Models\/cs229_proj_v2%20copy.mlmodel"},"version":"1.0","settingEntity":{"taskType":"textClassifier","augmentations":[],"styleTransferAlgorithmType":"image","iterationCount":25,"transferLearningEmbeddingType":"dynamic","harVideoAugmentations":0,"handPoseClassifierAugmentations":[],"algorithmType":"crf","handActionClassifierAugmentations":[],"seedType":"default","featureNames":[]},"state":"trained","trainingEntity":{"finishTime":"2022-10-29T03:40:04Z","recipeTrainingResults":{"textClassifier":{"confusionMatrix":[{"expected":"neg","actual":"neg","count":113},{"expected":"neu","actual":"neg","count":1},{"expected":"pos","actual":"neg","count":76},{"expected":"neg","actual":"neu","count":2},{"expected":"neu","actual":"neu","count":118},{"expected":"pos","actual":"neu","count":77},{"expected":"neg","actual":"pos","count":3},{"expected":"neu","actual":"pos","count":3},{"expected":"pos","actual":"pos","count":1652}],"statsByLabel":{"neg":{"count":190,"precisionRecall":{"success":{"recall":0.59473684210526312,"precision":0.9576271186440678}}},"neu":{"count":197,"precisionRecall":{"success":{"recall":0.59898477157360408,"precision":0.96721311475409832}}},"pos":{"count":1658,"precisionRecall":{"success":{"recall":0.99638118214716531,"precision":0.9152354570637119}}}},"accuracy":0.92078239608801959}},"dataResult":{"itemsCount":2165,"createdDate":"2022-10-29T03:39:38Z","dataURL":"file:\/\/\/Users\/kirakiraakira\/Downloads\/zrj\/data\/train\/","dataSourceID":"32AA8022-7DD4-4816-9618-5ACA9E72B21D","classesCount":3,"analysis":{"summary":{"sampleCount":2165,"classCount":3,"canUseValidation":1},"issues":[{"description":"3 classes found, including pos, neu, neg","severity":"debug"},{"description":"2165 texts found, automatically creating validation set","severity":"good"},{"description":"Smallest class is \"neg\" with 198 texts","severity":"debug"},{"description":"Largest class is \"pos\" with 1756 text","severity":"debug"}],"classifierAnalysis":{"labelStats":{"neg":198,"neu":211,"pos":1756}}}},"dataURL":"file:\/\/\/Users\/kirakiraakira\/Downloads\/zrj\/data\/train\/","featureExtractionCheckpointMayBeAvailable":false,"recipeValidationResults":{"textClassifier":{"confusionMatrix":[{"expected":"neg","actual":"neg","count":1},{"expected":"neu","actual":"neg","count":1},{"expected":"pos","actual":"neg","count":6},{"expected":"neg","actual":"neu","count":1},{"expected":"neu","actual":"neu","count":3},{"expected":"pos","actual":"neu","count":10},{"expected":"neg","actual":"pos","count":3},{"expected":"pos","actual":"pos","count":95}],"statsByLabel":{"pos":{"count":98,"precisionRecall":{"success":{"recall":0.96938775510204078,"precision":0.85585585585585588}}},"neu":{"count":14,"precisionRecall":{"success":{"recall":0.21428571428571427,"precision":0.75}}},"neg":{"count":8,"precisionRecall":{"success":{"recall":0.125,"precision":0.20000000000000001}}}},"accuracy":0.82499999999999996}},"progress":[{"tcTrainingColumnHeader":{"hasValidation":true,"elapsedTime":0,"remainingIterationCount":10,"hasTraining":false,"trainingAccuracy":0,"validationAccuracy":0.63190000000000002},"isLast":false,"currentRowIndex":0,"count":1,"tableDone":false,"tableIndex":1,"percentComplete":0},{"tcTrainingColumnHeader":{"hasValidation":true,"elapsedTime":0,"remainingIterationCount":9,"hasTraining":false,"trainingAccuracy":0,"validationAccuracy":0.76949999999999996},"isLast":false,"currentRowIndex":0,"count":2,"tableDone":false,"tableIndex":1,"percentComplete":0},{"tcTrainingColumnHeader":{"hasValidation":true,"elapsedTime":0,"remainingIterationCount":8,"hasTraining":false,"trainingAccuracy":0,"validationAccuracy":0.71950000000000003},"isLast":false,"currentRowIndex":0,"count":3,"tableDone":false,"tableIndex":1,"percentComplete":0},{"tcTrainingColumnHeader":{"hasValidation":true,"elapsedTime":0,"remainingIterationCount":7,"hasTraining":false,"trainingAccuracy":0,"validationAccuracy":0.73519999999999996},"isLast":false,"currentRowIndex":0,"count":4,"tableDone":false,"tableIndex":1,"percentComplete":0},{"tcTrainingColumnHeader":{"hasValidation":true,"elapsedTime":0,"remainingIterationCount":6,"hasTraining":false,"trainingAccuracy":0,"validationAccuracy":0.68330000000000002},"isLast":false,"currentRowIndex":0,"count":5,"tableDone":false,"tableIndex":1,"percentComplete":0},{"tcTrainingColumnHeader":{"hasValidation":true,"elapsedTime":0,"remainingIterationCount":5,"hasTraining":false,"trainingAccuracy":0,"validationAccuracy":0.72009999999999996},"isLast":false,"currentRowIndex":0,"count":6,"tableDone":false,"tableIndex":1,"percentComplete":0},{"tcTrainingColumnHeader":{"hasValidation":true,"elapsedTime":0,"remainingIterationCount":4,"hasTraining":false,"trainingAccuracy":0,"validationAccuracy":0.65600000000000003},"isLast":false,"currentRowIndex":0,"count":7,"tableDone":false,"tableIndex":1,"percentComplete":0},{"tcTrainingColumnHeader":{"hasValidation":true,"elapsedTime":0,"remainingIterationCount":3,"hasTraining":false,"trainingAccuracy":0,"validationAccuracy":0.66390000000000005},"isLast":false,"currentRowIndex":0,"count":8,"tableDone":false,"tableIndex":1,"percentComplete":0},{"tcTrainingColumnHeader":{"hasValidation":true,"elapsedTime":0,"remainingIterationCount":2,"hasTraining":false,"trainingAccuracy":0,"validationAccuracy":0.65820000000000001},"isLast":false,"currentRowIndex":0,"count":9,"tableDone":false,"tableIndex":1,"percentComplete":0},{"tcTrainingColumnHeader":{"hasValidation":true,"elapsedTime":0,"remainingIterationCount":1,"hasTraining":false,"trainingAccuracy":0,"validationAccuracy":0.68049999999999999},"isLast":false,"currentRowIndex":0,"count":10,"tableDone":false,"tableIndex":1,"percentComplete":0},{"tcTrainingColumnHeader":{"hasValidation":true,"elapsedTime":0,"remainingIterationCount":0,"hasTraining":false,"trainingAccuracy":0,"validationAccuracy":0.68049999999999999},"isLast":false,"currentRowIndex":0,"count":11,"tableDone":false,"tableIndex":1,"percentComplete":0},{"tcTrainingColumnHeader":{"hasValidation":true,"elapsedTime":0,"remainingIterationCount":-1,"hasTraining":false,"trainingAccuracy":0,"validationAccuracy":0.68049999999999999},"isLast":false,"currentRowIndex":0,"count":12,"tableDone":false,"tableIndex":1,"percentComplete":0},{"tcTrainingColumnHeader":{"hasValidation":true,"elapsedTime":0,"remainingIterationCount":-2,"hasTraining":false,"trainingAccuracy":0,"validationAccuracy":0.65800000000000003},"isLast":false,"currentRowIndex":0,"count":13,"tableDone":false,"tableIndex":1,"percentComplete":0},{"tcTrainingColumnHeader":{"hasValidation":true,"elapsedTime":0,"remainingIterationCount":-3,"hasTraining":false,"trainingAccuracy":0,"validationAccuracy":0.65800000000000003},"isLast":false,"currentRowIndex":0,"count":14,"tableDone":false,"tableIndex":1,"percentComplete":0},{"tcTrainingColumnHeader":{"hasValidation":true,"elapsedTime":0,"remainingIterationCount":-4,"hasTraining":false,"trainingAccuracy":0,"validationAccuracy":0.65800000000000003},"isLast":false,"currentRowIndex":0,"count":15,"tableDone":false,"tableIndex":1,"percentComplete":0},{"tcTrainingColumnHeader":{"hasValidation":true,"elapsedTime":0,"remainingIterationCount":-5,"hasTraining":false,"trainingAccuracy":0,"validationAccuracy":0.65800000000000003},"isLast":false,"currentRowIndex":0,"count":16,"tableDone":false,"tableIndex":1,"percentComplete":0},{"tcTrainingColumnHeader":{"hasValidation":true,"elapsedTime":0,"remainingIterationCount":-6,"hasTraining":false,"trainingAccuracy":0,"validationAccuracy":0.65800000000000003},"isLast":false,"currentRowIndex":0,"count":17,"tableDone":false,"tableIndex":1,"percentComplete":0},{"tcTrainingColumnHeader":{"hasValidation":true,"elapsedTime":0,"remainingIterationCount":-7,"hasTraining":false,"trainingAccuracy":0,"validationAccuracy":0.65800000000000003},"isLast":false,"currentRowIndex":0,"count":18,"tableDone":false,"tableIndex":1,"percentComplete":0},{"tcTrainingColumnHeader":{"hasValidation":true,"elapsedTime":0,"remainingIterationCount":-8,"hasTraining":false,"trainingAccuracy":0,"validationAccuracy":0.65800000000000003},"isLast":false,"currentRowIndex":0,"count":19,"tableDone":false,"tableIndex":1,"percentComplete":0},{"tcTrainingColumnHeader":{"hasValidation":true,"elapsedTime":0,"remainingIterationCount":-9,"hasTraining":false,"trainingAccuracy":0,"validationAccuracy":0.65800000000000003},"isLast":false,"currentRowIndex":0,"count":20,"tableDone":false,"tableIndex":1,"percentComplete":0},{"tcTrainingColumnHeader":{"hasValidation":true,"elapsedTime":0,"remainingIterationCount":-10,"hasTraining":false,"trainingAccuracy":0,"validationAccuracy":0.65800000000000003},"isLast":false,"currentRowIndex":0,"count":21,"tableDone":true,"tableIndex":1,"percentComplete":0},{"currentRowIndex":0,"tableIndex":0,"count":45,"isLast":false,"percentComplete":0,"tableDone":false},{"currentRowIndex":0,"tableIndex":0,"count":145,"isLast":false,"percentComplete":0,"tableDone":false},{"currentRowIndex":0,"tableIndex":0,"count":245,"isLast":false,"percentComplete":0,"tableDone":false},{"currentRowIndex":0,"tableIndex":0,"count":345,"isLast":false,"percentComplete":0,"tableDone":false},{"currentRowIndex":0,"tableIndex":0,"count":445,"isLast":false,"percentComplete":0,"tableDone":false},{"currentRowIndex":0,"tableIndex":0,"count":545,"isLast":false,"percentComplete":0,"tableDone":false},{"currentRowIndex":0,"tableIndex":0,"count":645,"isLast":false,"percentComplete":0,"tableDone":false},{"currentRowIndex":0,"tableIndex":0,"count":745,"isLast":false,"percentComplete":0,"tableDone":false},{"currentRowIndex":0,"tableIndex":0,"count":845,"isLast":false,"percentComplete":0,"tableDone":false},{"currentRowIndex":0,"tableIndex":0,"count":945,"isLast":false,"percentComplete":0,"tableDone":false},{"currentRowIndex":0,"tableIndex":0,"count":1045,"isLast":false,"percentComplete":0,"tableDone":false},{"currentRowIndex":0,"tableIndex":0,"count":1145,"isLast":false,"percentComplete":0,"tableDone":false},{"currentRowIndex":0,"tableIndex":0,"count":1245,"isLast":false,"percentComplete":0,"tableDone":false},{"currentRowIndex":0,"tableIndex":0,"count":1345,"isLast":false,"percentComplete":0,"tableDone":false},{"currentRowIndex":0,"tableIndex":0,"count":1445,"isLast":false,"percentComplete":0,"tableDone":false},{"currentRowIndex":0,"tableIndex":0,"count":1545,"isLast":false,"percentComplete":0,"tableDone":false},{"currentRowIndex":0,"tableIndex":0,"count":1645,"isLast":false,"percentComplete":0,"tableDone":false},{"currentRowIndex":0,"tableIndex":0,"count":1745,"isLast":false,"percentComplete":0,"tableDone":false},{"currentRowIndex":0,"tableIndex":0,"count":1845,"isLast":false,"percentComplete":0,"tableDone":false},{"currentRowIndex":0,"tableIndex":0,"count":1945,"isLast":false,"percentComplete":0,"tableDone":false},{"currentRowIndex":0,"tableIndex":0,"count":2045,"isLast":false,"percentComplete":0,"tableDone":true}],"trainingAccuracy":0.92078239608801959,"checkpointMetrics":{},"analysedDataType":"none","dataSourceID":"32AA8022-7DD4-4816-9618-5ACA9E72B21D","snapshottableCheckpoints":{},"validationAccuracy":0.82499999999999996,"startTime":"2022-10-29T03:39:43Z"},"createdDate":"2022-10-29T03:39:38Z","evaluationContainerEntity":{"testingEvaluationEntity":{"result":{"textClassifier":{"statsByLabel":{"neg":{"count":59,"precisionRecall":{"success":{"recall":0.1864406779661017,"precision":0.47826086956521741}}},"neu":{"count":64,"precisionRecall":{"success":{"recall":0.171875,"precision":0.47826086956521741}}},"pos":{"count":418,"precisionRecall":{"success":{"recall":0.96889952153110048,"precision":0.81818181818181823}}}},"accuracy":0.78927911275415896}},"createdDate":"2022-10-29T03:39:38Z","id":"7b3f995b-76ba-4346-aa42-660045aedae2","dataURL":"file:\/\/\/Users\/kirakiraakira\/Downloads\/zrj\/data\/test\/","dataSourceID":"11EAC9D8-D84B-4801-8071-CAAE2F59AE73","dataResult":{"itemsCount":541,"createdDate":"2022-10-29T03:39:38Z","dataURL":"file:\/\/\/Users\/kirakiraakira\/Downloads\/zrj\/data\/test\/","dataSourceID":"11EAC9D8-D84B-4801-8071-CAAE2F59AE73","classesCount":3,"analysis":{"summary":{"sampleCount":541,"classCount":3,"canUseValidation":1},"issues":[{"description":"3 classes found, including pos, neu, neg","severity":"debug"},{"description":"541 texts found, automatically creating validation set","severity":"good"},{"description":"Smallest class is \"neg\" with 59 texts","severity":"debug"},{"description":"Largest class is \"pos\" with 418 text","severity":"debug"}],"classifierAnalysis":{"labelStats":{"pos":418,"neu":64,"neg":59}}}},"analysedDataType":"none","accuracy":0.78927911275415896,"startTime":"2022-10-29T03:40:06Z","finishTime":"2022-10-29T03:40:07Z"},"createdDate":"2022-10-29T19:54:38Z","id":"ee1de907-dbf8-4f0d-af5a-1f4def3843b3","trainingEvaluationEntity":{"result":{"textClassifier":{"confusionMatrix":[{"expected":"neg","actual":"neg","count":113},{"expected":"neu","actual":"neg","count":1},{"expected":"pos","actual":"neg","count":76},{"expected":"neg","actual":"neu","count":2},{"expected":"neu","actual":"neu","count":118},{"expected":"pos","actual":"neu","count":77},{"expected":"neg","actual":"pos","count":3},{"expected":"neu","actual":"pos","count":3},{"expected":"pos","actual":"pos","count":1652}],"statsByLabel":{"neg":{"count":190,"precisionRecall":{"success":{"recall":0.59473684210526312,"precision":0.9576271186440678}}},"neu":{"count":197,"precisionRecall":{"success":{"recall":0.59898477157360408,"precision":0.96721311475409832}}},"pos":{"count":1658,"precisionRecall":{"success":{"recall":0.99638118214716531,"precision":0.9152354570637119}}}},"accuracy":0.92078239608801959}},"createdDate":"2022-10-29T03:39:38Z","id":"b99540a1-8cd6-47f2-ad6f-9de2e2a19e6c","dataURL":"file:\/\/\/Users\/kirakiraakira\/Downloads\/zrj\/data\/train\/","dataSourceID":"32AA8022-7DD4-4816-9618-5ACA9E72B21D","dataResult":{"itemsCount":2165,"createdDate":"2022-10-29T03:39:38Z","dataURL":"file:\/\/\/Users\/kirakiraakira\/Downloads\/zrj\/data\/train\/","dataSourceID":"32AA8022-7DD4-4816-9618-5ACA9E72B21D","classesCount":3,"analysis":{"summary":{"sampleCount":2165,"classCount":3,"canUseValidation":1},"issues":[{"description":"3 classes found, including pos, neu, neg","severity":"debug"},{"description":"2165 texts found, automatically creating validation set","severity":"good"},{"description":"Smallest class is \"neg\" with 198 texts","severity":"debug"},{"description":"Largest class is \"pos\" with 1756 text","severity":"debug"}],"classifierAnalysis":{"labelStats":{"neg":198,"neu":211,"pos":1756}}}},"analysedDataType":"none"},"previewType":"textClassifier","modifiedDate":"2022-10-29T19:54:38Z","validationEvaluationEntity":{"result":{"textClassifier":{"confusionMatrix":[{"expected":"neg","actual":"neg","count":1},{"expected":"neu","actual":"neg","count":1},{"expected":"pos","actual":"neg","count":6},{"expected":"neg","actual":"neu","count":1},{"expected":"neu","actual":"neu","count":3},{"expected":"pos","actual":"neu","count":10},{"expected":"neg","actual":"pos","count":3},{"expected":"pos","actual":"pos","count":95}],"statsByLabel":{"pos":{"count":98,"precisionRecall":{"success":{"recall":0.96938775510204078,"precision":0.85585585585585588}}},"neu":{"count":14,"precisionRecall":{"success":{"recall":0.21428571428571427,"precision":0.75}}},"neg":{"count":8,"precisionRecall":{"success":{"recall":0.125,"precision":0.20000000000000001}}}},"accuracy":0.82499999999999996}},"id":"f4b4e752-91c3-47b9-9235-496fdc9f4afc","createdDate":"2022-10-29T03:39:38Z","dataResult":{"createdDate":"2022-10-29T03:39:38Z"},"analysedDataType":"auto"},"evaluationEntities":[{"result":{"textClassifier":{"statsByLabel":{"neg":{"count":59,"precisionRecall":{"success":{"recall":0.1864406779661017,"precision":0.47826086956521741}}},"neu":{"count":64,"precisionRecall":{"success":{"recall":0.171875,"precision":0.47826086956521741}}},"pos":{"count":418,"precisionRecall":{"success":{"recall":0.96889952153110048,"precision":0.81818181818181823}}}},"accuracy":0.78927911275415896}},"createdDate":"2022-10-29T03:39:38Z","id":"7b3f995b-76ba-4346-aa42-660045aedae2","dataURL":"file:\/\/\/Users\/kirakiraakira\/Downloads\/zrj\/data\/test\/","dataSourceID":"11EAC9D8-D84B-4801-8071-CAAE2F59AE73","dataResult":{"itemsCount":541,"createdDate":"2022-10-29T03:39:38Z","dataURL":"file:\/\/\/Users\/kirakiraakira\/Downloads\/zrj\/data\/test\/","dataSourceID":"11EAC9D8-D84B-4801-8071-CAAE2F59AE73","classesCount":3,"analysis":{"summary":{"sampleCount":541,"classCount":3,"canUseValidation":1},"issues":[{"description":"3 classes found, including pos, neu, neg","severity":"debug"},{"description":"541 texts found, automatically creating validation set","severity":"good"},{"description":"Smallest class is \"neg\" with 59 texts","severity":"debug"},{"description":"Largest class is \"pos\" with 418 text","severity":"debug"}],"classifierAnalysis":{"labelStats":{"pos":418,"neu":64,"neg":59}}}},"analysedDataType":"none","accuracy":0.78927911275415896,"startTime":"2022-10-29T03:40:06Z","finishTime":"2022-10-29T03:40:07Z"}]},"evaluationEntities":[],"activityEntities":["trainingFinished",[{"id":"25605D1D-7F7E-4F69-8800-693B6135EE57","title":"Training Completed","createdDate":"2022-10-29T03:40:04Z","event":"trainingFinished","subtitle":"Model converged at 21 iterations"}],"evaluationFinished",[{"id":"92DA2F9B-2B11-4F60-8584-6D3BCD9F08AD","title":"Testing Completed","createdDate":"2022-10-29T03:40:07Z","event":"evaluationFinished","subtitle":"cs229_proj_v2 copy"}],"trainingStarted",[{"id":"E2D0C8FD-8163-4FE6-90D5-67F9AEB9D233","title":"Training Started","createdDate":"2022-10-29T03:39:43Z","event":"trainingStarted","subtitle":"25 iterations"}],"evaluationStarted",[{"id":"13E43B02-21ED-4CB3-8464-36FFF4DF8A8C","title":"Testing Started","createdDate":"2022-10-29T03:40:06Z","event":"evaluationStarted","subtitle":"cs229_proj_v2 copy"}],"experimentCreated",[{"id":"67CA6929-404F-49F2-8772-1195909DF7C5","title":"Model Source Created","createdDate":"2022-10-29T03:39:38Z","event":"experimentCreated","subtitle":"cs229_proj_v2 copy"}]],"title":"cs229_proj_v2 copy","evaluationEntity":{"id":"fefacca5-3049-45d3-965a-651020eb93b4","createdDate":"2022-10-29T03:39:38Z","dataResult":{"createdDate":"2022-10-29T03:39:38Z"},"analysedDataType":"none"},"evaluationState":"evaluated","snapshotRole":{"withoutSnapshots":0},"modifiedDate":"2022-10-29T19:54:38Z","contentDataResult":{"createdDate":"2022-10-28T20:40:31Z"},"preferredFilename":"cs229_proj_v2 copy"}