{"id":"075BC504-3D33-44CA-A7E3-EE29EC6B6A18","validationEntity":{"analysedDataType":"auto","dataResult":{"createdDate":"2022-10-29T03:38:48Z"}},"modelEntity":{"createdDate":"2022-10-29T03:38:48Z","id":"A1B8B358-1086-4619-B7EA-C354CF9E58E9","experimentID":"55AE3417-26CA-46D1-BFB9-B1CC75939E49","title":"","modifiedDate":"2022-10-29T03:38:48Z","preferredFilename":"","version":"1.0","modelURL":"Models\/cs229_proj_v2.mlmodel"},"version":"1.0","settingEntity":{"taskType":"textClassifier","augmentations":[],"styleTransferAlgorithmType":"image","iterationCount":150,"transferLearningEmbeddingType":"dynamic","harVideoAugmentations":0,"handPoseClassifierAugmentations":[],"algorithmType":"maxEnt","handActionClassifierAugmentations":[],"seedType":"default","featureNames":[]},"state":"trained","trainingEntity":{"finishTime":"2022-10-29T03:39:16Z","recipeTrainingResults":{"textClassifier":{"confusionMatrix":[{"expected":"neg","actual":"neg","count":186},{"expected":"neg","actual":"neu","count":1},{"expected":"neu","actual":"neu","count":198},{"expected":"pos","actual":"neu","count":2},{"expected":"pos","actual":"pos","count":1658}],"statsByLabel":{"neg":{"count":186,"precisionRecall":{"success":{"recall":1,"precision":0.99465240641711228}}},"neu":{"count":201,"precisionRecall":{"success":{"recall":0.9850746268656716,"precision":1}}},"pos":{"count":1658,"precisionRecall":{"success":{"recall":1,"precision":0.99879518072289153}}}},"accuracy":0.99853300733496331}},"dataResult":{"itemsCount":2165,"createdDate":"2022-10-29T03:38:48Z","dataURL":"file:\/\/\/Users\/kirakiraakira\/Downloads\/zrj\/data\/train\/","dataSourceID":"32AA8022-7DD4-4816-9618-5ACA9E72B21D","classesCount":3,"analysis":{"summary":{"sampleCount":2165,"classCount":3,"canUseValidation":1},"issues":[{"description":"3 classes found, including pos, neu, neg","severity":"debug"},{"description":"2165 texts found, automatically creating validation set","severity":"good"},{"description":"Smallest class is \"neg\" with 198 texts","severity":"debug"},{"description":"Largest class is \"pos\" with 1756 text","severity":"debug"}],"classifierAnalysis":{"labelStats":{"neg":198,"neu":211,"pos":1756}}}},"dataURL":"file:\/\/\/Users\/kirakiraakira\/Downloads\/zrj\/data\/train\/","featureExtractionCheckpointMayBeAvailable":false,"recipeValidationResults":{"textClassifier":{"confusionMatrix":[{"expected":"neg","actual":"neg","count":5},{"expected":"neu","actual":"neg","count":3},{"expected":"pos","actual":"neg","count":4},{"expected":"neg","actual":"neu","count":1},{"expected":"neu","actual":"neu","count":3},{"expected":"pos","actual":"neu","count":6},{"expected":"neg","actual":"pos","count":1},{"expected":"neu","actual":"pos","count":5},{"expected":"pos","actual":"pos","count":92}],"statsByLabel":{"neg":{"count":12,"precisionRecall":{"success":{"recall":0.41666666666666669,"precision":0.7142857142857143}}},"neu":{"count":10,"precisionRecall":{"success":{"recall":0.29999999999999999,"precision":0.27272727272727271}}},"pos":{"count":98,"precisionRecall":{"success":{"recall":0.93877551020408168,"precision":0.90196078431372551}}}},"accuracy":0.83333333333333337}},"progress":[{"tcTrainingColumnHeader":{"hasValidation":false,"elapsedTime":0,"remainingIterationCount":10,"hasTraining":true,"trainingAccuracy":0.81075793504714966,"validationAccuracy":0},"isLast":false,"currentRowIndex":0,"count":1,"tableDone":false,"tableIndex":1,"percentComplete":0},{"tcTrainingColumnHeader":{"hasValidation":false,"elapsedTime":0,"remainingIterationCount":9,"hasTraining":true,"trainingAccuracy":0.81173592805862427,"validationAccuracy":0},"isLast":false,"currentRowIndex":0,"count":2,"tableDone":false,"tableIndex":1,"percentComplete":0},{"tcTrainingColumnHeader":{"hasValidation":false,"elapsedTime":0,"remainingIterationCount":8,"hasTraining":true,"trainingAccuracy":0.8953545093536377,"validationAccuracy":0},"isLast":false,"currentRowIndex":0,"count":3,"tableDone":false,"tableIndex":1,"percentComplete":0},{"tcTrainingColumnHeader":{"hasValidation":false,"elapsedTime":0,"remainingIterationCount":7,"hasTraining":true,"trainingAccuracy":0.92371636629104614,"validationAccuracy":0},"isLast":false,"currentRowIndex":0,"count":4,"tableDone":false,"tableIndex":1,"percentComplete":0},{"tcTrainingColumnHeader":{"hasValidation":false,"elapsedTime":0,"remainingIterationCount":6,"hasTraining":true,"trainingAccuracy":0.95207822322845459,"validationAccuracy":0},"isLast":false,"currentRowIndex":0,"count":5,"tableDone":false,"tableIndex":1,"percentComplete":0},{"tcTrainingColumnHeader":{"hasValidation":false,"elapsedTime":0,"remainingIterationCount":5,"hasTraining":true,"trainingAccuracy":0.97995108366012573,"validationAccuracy":0},"isLast":false,"currentRowIndex":0,"count":6,"tableDone":false,"tableIndex":1,"percentComplete":0},{"tcTrainingColumnHeader":{"hasValidation":false,"elapsedTime":0,"remainingIterationCount":4,"hasTraining":true,"trainingAccuracy":0.99217605590820312,"validationAccuracy":0},"isLast":false,"currentRowIndex":0,"count":7,"tableDone":false,"tableIndex":1,"percentComplete":0},{"tcTrainingColumnHeader":{"hasValidation":false,"elapsedTime":0,"remainingIterationCount":3,"hasTraining":true,"trainingAccuracy":0.99511003494262695,"validationAccuracy":0},"isLast":false,"currentRowIndex":0,"count":8,"tableDone":false,"tableIndex":1,"percentComplete":0},{"tcTrainingColumnHeader":{"hasValidation":false,"elapsedTime":0,"remainingIterationCount":2,"hasTraining":true,"trainingAccuracy":0.99755501747131348,"validationAccuracy":0},"isLast":false,"currentRowIndex":0,"count":9,"tableDone":false,"tableIndex":1,"percentComplete":0},{"tcTrainingColumnHeader":{"hasValidation":false,"elapsedTime":0,"remainingIterationCount":1,"hasTraining":true,"trainingAccuracy":0.99853301048278809,"validationAccuracy":0},"isLast":false,"currentRowIndex":0,"count":10,"tableDone":false,"tableIndex":1,"percentComplete":0},{"tcTrainingColumnHeader":{"hasValidation":false,"elapsedTime":0,"remainingIterationCount":0,"hasTraining":true,"trainingAccuracy":0.99902200698852539,"validationAccuracy":0},"isLast":false,"currentRowIndex":0,"count":11,"tableDone":true,"tableIndex":1,"percentComplete":0},{"currentRowIndex":0,"tableIndex":0,"count":45,"isLast":false,"percentComplete":0,"tableDone":false},{"currentRowIndex":0,"tableIndex":0,"count":145,"isLast":false,"percentComplete":0,"tableDone":false},{"currentRowIndex":0,"tableIndex":0,"count":245,"isLast":false,"percentComplete":0,"tableDone":false},{"currentRowIndex":0,"tableIndex":0,"count":345,"isLast":false,"percentComplete":0,"tableDone":false},{"currentRowIndex":0,"tableIndex":0,"count":445,"isLast":false,"percentComplete":0,"tableDone":false},{"currentRowIndex":0,"tableIndex":0,"count":545,"isLast":false,"percentComplete":0,"tableDone":false},{"currentRowIndex":0,"tableIndex":0,"count":645,"isLast":false,"percentComplete":0,"tableDone":false},{"currentRowIndex":0,"tableIndex":0,"count":745,"isLast":false,"percentComplete":0,"tableDone":false},{"currentRowIndex":0,"tableIndex":0,"count":845,"isLast":false,"percentComplete":0,"tableDone":false},{"currentRowIndex":0,"tableIndex":0,"count":945,"isLast":false,"percentComplete":0,"tableDone":false},{"currentRowIndex":0,"tableIndex":0,"count":1045,"isLast":false,"percentComplete":0,"tableDone":false},{"currentRowIndex":0,"tableIndex":0,"count":1145,"isLast":false,"percentComplete":0,"tableDone":false},{"currentRowIndex":0,"tableIndex":0,"count":1245,"isLast":false,"percentComplete":0,"tableDone":false},{"currentRowIndex":0,"tableIndex":0,"count":1345,"isLast":false,"percentComplete":0,"tableDone":false},{"currentRowIndex":0,"tableIndex":0,"count":1445,"isLast":false,"percentComplete":0,"tableDone":false},{"currentRowIndex":0,"tableIndex":0,"count":1545,"isLast":false,"percentComplete":0,"tableDone":false},{"currentRowIndex":0,"tableIndex":0,"count":1645,"isLast":false,"percentComplete":0,"tableDone":false},{"currentRowIndex":0,"tableIndex":0,"count":1745,"isLast":false,"percentComplete":0,"tableDone":false},{"currentRowIndex":0,"tableIndex":0,"count":1845,"isLast":false,"percentComplete":0,"tableDone":false},{"currentRowIndex":0,"tableIndex":0,"count":1945,"isLast":false,"percentComplete":0,"tableDone":false},{"currentRowIndex":0,"tableIndex":0,"count":2045,"isLast":false,"percentComplete":0,"tableDone":true}],"trainingAccuracy":0.99853300733496331,"checkpointMetrics":{},"analysedDataType":"none","dataSourceID":"32AA8022-7DD4-4816-9618-5ACA9E72B21D","snapshottableCheckpoints":{},"validationAccuracy":0.83333333333333337,"startTime":"2022-10-29T03:39:14Z"},"createdDate":"2022-10-29T03:38:48Z","evaluationContainerEntity":{"testingEvaluationEntity":{"result":{"textClassifier":{"statsByLabel":{"neg":{"count":59,"precisionRecall":{"success":{"recall":0.40677966101694918,"precision":0.48979591836734693}}},"neu":{"count":64,"precisionRecall":{"success":{"recall":0.375,"precision":0.35820895522388058}}},"pos":{"count":418,"precisionRecall":{"success":{"recall":0.88995215311004783,"precision":0.87529411764705878}}}},"accuracy":0.77634011090573007}},"createdDate":"2022-10-29T03:39:07Z","id":"7cbcf9bf-d973-4984-a9f0-a1ab7515a561","dataURL":"file:\/\/\/Users\/kirakiraakira\/Downloads\/zrj\/data\/test\/","dataSourceID":"11EAC9D8-D84B-4801-8071-CAAE2F59AE73","dataResult":{"itemsCount":541,"createdDate":"2022-10-29T03:39:07Z","dataURL":"file:\/\/\/Users\/kirakiraakira\/Downloads\/zrj\/data\/test\/","dataSourceID":"11EAC9D8-D84B-4801-8071-CAAE2F59AE73","classesCount":3,"analysis":{"summary":{"sampleCount":541,"classCount":3,"canUseValidation":1},"issues":[{"description":"3 classes found, including pos, neu, neg","severity":"debug"},{"description":"541 texts found, automatically creating validation set","severity":"good"},{"description":"Smallest class is \"neg\" with 59 texts","severity":"debug"},{"description":"Largest class is \"pos\" with 418 text","severity":"debug"}],"classifierAnalysis":{"labelStats":{"pos":418,"neu":64,"neg":59}}}},"analysedDataType":"none","accuracy":0.77634011090573007,"startTime":"2022-10-29T03:39:18Z","finishTime":"2022-10-29T03:39:18Z"},"createdDate":"2022-10-29T19:54:46Z","id":"5bf45135-dfd2-4f70-92f3-daf97d3c995d","trainingEvaluationEntity":{"result":{"textClassifier":{"confusionMatrix":[{"expected":"neg","actual":"neg","count":186},{"expected":"neg","actual":"neu","count":1},{"expected":"neu","actual":"neu","count":198},{"expected":"pos","actual":"neu","count":2},{"expected":"pos","actual":"pos","count":1658}],"statsByLabel":{"neg":{"count":186,"precisionRecall":{"success":{"recall":1,"precision":0.99465240641711228}}},"neu":{"count":201,"precisionRecall":{"success":{"recall":0.9850746268656716,"precision":1}}},"pos":{"count":1658,"precisionRecall":{"success":{"recall":1,"precision":0.99879518072289153}}}},"accuracy":0.99853300733496331}},"createdDate":"2022-10-29T03:38:48Z","id":"986c5166-447a-4120-b2c9-d43b0362c911","dataURL":"file:\/\/\/Users\/kirakiraakira\/Downloads\/zrj\/data\/train\/","dataSourceID":"32AA8022-7DD4-4816-9618-5ACA9E72B21D","dataResult":{"itemsCount":2165,"createdDate":"2022-10-29T03:38:48Z","dataURL":"file:\/\/\/Users\/kirakiraakira\/Downloads\/zrj\/data\/train\/","dataSourceID":"32AA8022-7DD4-4816-9618-5ACA9E72B21D","classesCount":3,"analysis":{"summary":{"sampleCount":2165,"classCount":3,"canUseValidation":1},"issues":[{"description":"3 classes found, including pos, neu, neg","severity":"debug"},{"description":"2165 texts found, automatically creating validation set","severity":"good"},{"description":"Smallest class is \"neg\" with 198 texts","severity":"debug"},{"description":"Largest class is \"pos\" with 1756 text","severity":"debug"}],"classifierAnalysis":{"labelStats":{"neg":198,"neu":211,"pos":1756}}}},"analysedDataType":"none"},"previewType":"textClassifier","modifiedDate":"2022-10-29T19:54:46Z","validationEvaluationEntity":{"result":{"textClassifier":{"confusionMatrix":[{"expected":"neg","actual":"neg","count":5},{"expected":"neu","actual":"neg","count":3},{"expected":"pos","actual":"neg","count":4},{"expected":"neg","actual":"neu","count":1},{"expected":"neu","actual":"neu","count":3},{"expected":"pos","actual":"neu","count":6},{"expected":"neg","actual":"pos","count":1},{"expected":"neu","actual":"pos","count":5},{"expected":"pos","actual":"pos","count":92}],"statsByLabel":{"neg":{"count":12,"precisionRecall":{"success":{"recall":0.41666666666666669,"precision":0.7142857142857143}}},"neu":{"count":10,"precisionRecall":{"success":{"recall":0.29999999999999999,"precision":0.27272727272727271}}},"pos":{"count":98,"precisionRecall":{"success":{"recall":0.93877551020408168,"precision":0.90196078431372551}}}},"accuracy":0.83333333333333337}},"id":"315526ef-2fba-4c3e-be25-87a46023d89d","createdDate":"2022-10-29T03:38:48Z","dataResult":{"createdDate":"2022-10-29T03:38:48Z"},"analysedDataType":"auto"},"evaluationEntities":[{"result":{"textClassifier":{"statsByLabel":{"neg":{"count":59,"precisionRecall":{"success":{"recall":0.40677966101694918,"precision":0.48979591836734693}}},"neu":{"count":64,"precisionRecall":{"success":{"recall":0.375,"precision":0.35820895522388058}}},"pos":{"count":418,"precisionRecall":{"success":{"recall":0.88995215311004783,"precision":0.87529411764705878}}}},"accuracy":0.77634011090573007}},"createdDate":"2022-10-29T03:39:07Z","id":"7cbcf9bf-d973-4984-a9f0-a1ab7515a561","dataURL":"file:\/\/\/Users\/kirakiraakira\/Downloads\/zrj\/data\/test\/","dataSourceID":"11EAC9D8-D84B-4801-8071-CAAE2F59AE73","dataResult":{"itemsCount":541,"createdDate":"2022-10-29T03:39:07Z","dataURL":"file:\/\/\/Users\/kirakiraakira\/Downloads\/zrj\/data\/test\/","dataSourceID":"11EAC9D8-D84B-4801-8071-CAAE2F59AE73","classesCount":3,"analysis":{"summary":{"sampleCount":541,"classCount":3,"canUseValidation":1},"issues":[{"description":"3 classes found, including pos, neu, neg","severity":"debug"},{"description":"541 texts found, automatically creating validation set","severity":"good"},{"description":"Smallest class is \"neg\" with 59 texts","severity":"debug"},{"description":"Largest class is \"pos\" with 418 text","severity":"debug"}],"classifierAnalysis":{"labelStats":{"pos":418,"neu":64,"neg":59}}}},"analysedDataType":"none","accuracy":0.77634011090573007,"startTime":"2022-10-29T03:39:18Z","finishTime":"2022-10-29T03:39:18Z"}]},"evaluationEntities":[],"activityEntities":["trainingDataAdded",[{"id":"B57B080F-DEF8-4B08-A6FA-E49D20316D42","title":"Training Data Added","createdDate":"2022-10-29T03:39:04Z","event":"trainingDataAdded","subtitle":"train"}],"evaluationFinished",[{"id":"161BF506-F4E5-463D-8057-AAF2CA489B24","title":"Testing Completed","createdDate":"2022-10-29T03:39:18Z","event":"evaluationFinished","subtitle":"cs229_proj_v2"}],"trainingStarted",[{"id":"657946B2-F9F5-4223-B23E-FE01CF78DCAD","title":"Training Started","createdDate":"2022-10-29T03:39:14Z","event":"trainingStarted","subtitle":"150 iterations"}],"trainingFinished",[{"id":"E1B50625-2762-49B7-9FD1-36D2DF4E9BF5","title":"Training Completed","createdDate":"2022-10-29T03:39:16Z","event":"trainingFinished","subtitle":"Model converged at 11 iterations"}],"evaluationStarted",[{"id":"6F1E2E07-2540-408F-B110-D00B0C9A683B","title":"Testing Started","createdDate":"2022-10-29T03:39:18Z","event":"evaluationStarted","subtitle":"cs229_proj_v2"}],"experimentCreated",[{"id":"7F2EC07C-FC83-4CF2-BEED-CB70C63F49D4","title":"Model Source Created","createdDate":"2022-10-29T03:38:48Z","event":"experimentCreated","subtitle":"cs229_proj_v2"}]],"title":"cs229_proj 2 copy","evaluationEntity":{"id":"aa13ee15-e403-4824-a035-b683bafd6f4b","createdDate":"2022-10-29T03:38:48Z","dataResult":{"createdDate":"2022-10-29T03:38:48Z"},"analysedDataType":"none"},"evaluationState":"evaluated","snapshotRole":{"withoutSnapshots":0},"modifiedDate":"2022-10-29T19:54:46Z","contentDataResult":{"createdDate":"2022-10-28T20:40:31Z"},"preferredFilename":"cs229_proj_v2"}