{"id":"433BA767-66C7-4C01-966E-5A569A83369C","validationEntity":{"analysedDataType":"auto","dataResult":{"createdDate":"2022-10-29T03:39:39Z"}},"modelEntity":{"createdDate":"2022-10-29T03:39:39Z","id":"996E5462-2FD8-4568-95AE-BCF7247907DD","experimentID":"3C6BB0C6-C882-4D56-9EB9-5B018D6F47B6","title":"","modifiedDate":"2022-10-29T03:39:39Z","preferredFilename":"","version":"1.0","modelURL":"Models\/cs229_proj_v2%20copy%201.mlmodel"},"version":"1.0","settingEntity":{"taskType":"textClassifier","augmentations":[],"styleTransferAlgorithmType":"image","iterationCount":75,"transferLearningEmbeddingType":"dynamic","harVideoAugmentations":0,"handPoseClassifierAugmentations":[],"algorithmType":"transferLearning","handActionClassifierAugmentations":[],"seedType":"default","featureNames":[]},"state":"trained","trainingEntity":{"finishTime":"2022-10-29T03:45:08Z","recipeTrainingResults":{"textClassifier":{"confusionMatrix":[{"expected":"neg","actual":"neg","count":166},{"expected":"neu","actual":"neg","count":10},{"expected":"pos","actual":"neg","count":12},{"expected":"neg","actual":"neu","count":3},{"expected":"neu","actual":"neu","count":167},{"expected":"pos","actual":"neu","count":24},{"expected":"neg","actual":"pos","count":3},{"expected":"neu","actual":"pos","count":12},{"expected":"pos","actual":"pos","count":1648}],"statsByLabel":{"pos":{"count":1663,"precisionRecall":{"success":{"recall":0.99098015634395675,"precision":0.97862232779097391}}},"neu":{"count":194,"precisionRecall":{"success":{"recall":0.86082474226804129,"precision":0.8835978835978836}}},"neg":{"count":188,"precisionRecall":{"success":{"recall":0.88297872340425532,"precision":0.96511627906976749}}}},"accuracy":0.96870415647921759}},"dataResult":{"itemsCount":2165,"createdDate":"2022-10-29T03:39:39Z","dataURL":"file:\/\/\/Users\/kirakiraakira\/Downloads\/zrj\/data\/train\/","dataSourceID":"32AA8022-7DD4-4816-9618-5ACA9E72B21D","classesCount":3,"analysis":{"summary":{"sampleCount":2165,"classCount":3,"canUseValidation":1},"issues":[{"description":"3 classes found, including pos, neu, neg","severity":"debug"},{"description":"2165 texts found, automatically creating validation set","severity":"good"},{"description":"Smallest class is \"neg\" with 198 texts","severity":"debug"},{"description":"Largest class is \"pos\" with 1756 text","severity":"debug"}],"classifierAnalysis":{"labelStats":{"neg":198,"neu":211,"pos":1756}}}},"dataURL":"file:\/\/\/Users\/kirakiraakira\/Downloads\/zrj\/data\/train\/","featureExtractionCheckpointMayBeAvailable":false,"recipeValidationResults":{"textClassifier":{"confusionMatrix":[{"expected":"neg","actual":"neg","count":5},{"expected":"neu","actual":"neg","count":2},{"expected":"pos","actual":"neg","count":3},{"expected":"neg","actual":"neu","count":2},{"expected":"neu","actual":"neu","count":6},{"expected":"pos","actual":"neu","count":9},{"expected":"neg","actual":"pos","count":2},{"expected":"neu","actual":"pos","count":3},{"expected":"pos","actual":"pos","count":88}],"statsByLabel":{"pos":{"count":93,"precisionRecall":{"success":{"recall":0.94623655913978499,"precision":0.88}}},"neu":{"count":17,"precisionRecall":{"success":{"recall":0.35294117647058826,"precision":0.54545454545454541}}},"neg":{"count":10,"precisionRecall":{"success":{"recall":0.5,"precision":0.55555555555555558}}}},"accuracy":0.82499999999999996}},"progress":[{"tcTrainingColumnHeader":{"hasValidation":false,"elapsedTime":0,"remainingIterationCount":75,"hasTraining":true,"trainingAccuracy":0.81323532104492191,"validationAccuracy":0},"isLast":false,"currentRowIndex":0,"count":1,"tableDone":false,"tableIndex":1,"percentComplete":0},{"tcTrainingColumnHeader":{"hasValidation":false,"elapsedTime":0,"remainingIterationCount":74,"hasTraining":true,"trainingAccuracy":0.80490196228027344,"validationAccuracy":0},"isLast":false,"currentRowIndex":0,"count":2,"tableDone":false,"tableIndex":1,"percentComplete":0},{"tcTrainingColumnHeader":{"hasValidation":false,"elapsedTime":0,"remainingIterationCount":73,"hasTraining":true,"trainingAccuracy":0.80490196228027344,"validationAccuracy":0},"isLast":false,"currentRowIndex":0,"count":3,"tableDone":false,"tableIndex":1,"percentComplete":0},{"tcTrainingColumnHeader":{"hasValidation":false,"elapsedTime":0,"remainingIterationCount":72,"hasTraining":true,"trainingAccuracy":0.82303924560546871,"validationAccuracy":0},"isLast":false,"currentRowIndex":0,"count":4,"tableDone":false,"tableIndex":1,"percentComplete":0},{"tcTrainingColumnHeader":{"hasValidation":false,"elapsedTime":0,"remainingIterationCount":71,"hasTraining":true,"trainingAccuracy":0.84999999999999998,"validationAccuracy":0},"isLast":false,"currentRowIndex":0,"count":5,"tableDone":false,"tableIndex":1,"percentComplete":0},{"tcTrainingColumnHeader":{"hasValidation":false,"elapsedTime":0,"remainingIterationCount":70,"hasTraining":true,"trainingAccuracy":0.85882354736328126,"validationAccuracy":0},"isLast":false,"currentRowIndex":0,"count":6,"tableDone":false,"tableIndex":1,"percentComplete":0},{"tcTrainingColumnHeader":{"hasValidation":false,"elapsedTime":0,"remainingIterationCount":69,"hasTraining":true,"trainingAccuracy":0.8509803771972656,"validationAccuracy":0},"isLast":false,"currentRowIndex":0,"count":7,"tableDone":false,"tableIndex":1,"percentComplete":0},{"tcTrainingColumnHeader":{"hasValidation":false,"elapsedTime":0,"remainingIterationCount":68,"hasTraining":true,"trainingAccuracy":0.89656860351562495,"validationAccuracy":0},"isLast":false,"currentRowIndex":0,"count":8,"tableDone":false,"tableIndex":1,"percentComplete":0},{"tcTrainingColumnHeader":{"hasValidation":false,"elapsedTime":0,"remainingIterationCount":67,"hasTraining":true,"trainingAccuracy":0.87598037719726562,"validationAccuracy":0},"isLast":false,"currentRowIndex":0,"count":9,"tableDone":false,"tableIndex":1,"percentComplete":0},{"tcTrainingColumnHeader":{"hasValidation":false,"elapsedTime":0,"remainingIterationCount":66,"hasTraining":true,"trainingAccuracy":0.92156860351562497,"validationAccuracy":0},"isLast":false,"currentRowIndex":0,"count":10,"tableDone":false,"tableIndex":1,"percentComplete":0},{"tcTrainingColumnHeader":{"hasValidation":false,"elapsedTime":0,"remainingIterationCount":65,"hasTraining":true,"trainingAccuracy":0.92745094299316411,"validationAccuracy":0},"isLast":false,"currentRowIndex":0,"count":11,"tableDone":false,"tableIndex":1,"percentComplete":0},{"tcTrainingColumnHeader":{"hasValidation":false,"elapsedTime":0,"remainingIterationCount":64,"hasTraining":true,"trainingAccuracy":0.92941177368164063,"validationAccuracy":0},"isLast":false,"currentRowIndex":0,"count":12,"tableDone":false,"tableIndex":1,"percentComplete":0},{"tcTrainingColumnHeader":{"hasValidation":false,"elapsedTime":0,"remainingIterationCount":63,"hasTraining":true,"trainingAccuracy":0.92303924560546879,"validationAccuracy":0},"isLast":false,"currentRowIndex":0,"count":13,"tableDone":false,"tableIndex":1,"percentComplete":0},{"tcTrainingColumnHeader":{"hasValidation":false,"elapsedTime":0,"remainingIterationCount":62,"hasTraining":true,"trainingAccuracy":0.93431373596191403,"validationAccuracy":0},"isLast":false,"currentRowIndex":0,"count":14,"tableDone":false,"tableIndex":1,"percentComplete":0},{"tcTrainingColumnHeader":{"hasValidation":false,"elapsedTime":0,"remainingIterationCount":61,"hasTraining":true,"trainingAccuracy":0.92892158508300782,"validationAccuracy":0},"isLast":false,"currentRowIndex":0,"count":15,"tableDone":false,"tableIndex":1,"percentComplete":0},{"tcTrainingColumnHeader":{"hasValidation":false,"elapsedTime":0,"remainingIterationCount":60,"hasTraining":true,"trainingAccuracy":0.93872550964355472,"validationAccuracy":0},"isLast":false,"currentRowIndex":0,"count":16,"tableDone":false,"tableIndex":1,"percentComplete":0},{"tcTrainingColumnHeader":{"hasValidation":false,"elapsedTime":0,"remainingIterationCount":59,"hasTraining":true,"trainingAccuracy":0.95049018859863277,"validationAccuracy":0},"isLast":false,"currentRowIndex":0,"count":17,"tableDone":false,"tableIndex":1,"percentComplete":0},{"tcTrainingColumnHeader":{"hasValidation":false,"elapsedTime":0,"remainingIterationCount":58,"hasTraining":true,"trainingAccuracy":0.9416666412353516,"validationAccuracy":0},"isLast":false,"currentRowIndex":0,"count":18,"tableDone":false,"tableIndex":1,"percentComplete":0},{"tcTrainingColumnHeader":{"hasValidation":false,"elapsedTime":0,"remainingIterationCount":57,"hasTraining":true,"trainingAccuracy":0.95686271667480471,"validationAccuracy":0},"isLast":false,"currentRowIndex":0,"count":19,"tableDone":false,"tableIndex":1,"percentComplete":0},{"tcTrainingColumnHeader":{"hasValidation":false,"elapsedTime":0,"remainingIterationCount":56,"hasTraining":true,"trainingAccuracy":0.95539215087890628,"validationAccuracy":0},"isLast":false,"currentRowIndex":0,"count":20,"tableDone":false,"tableIndex":1,"percentComplete":0},{"tcTrainingColumnHeader":{"hasValidation":false,"elapsedTime":0,"remainingIterationCount":55,"hasTraining":true,"trainingAccuracy":0.95441177368164065,"validationAccuracy":0},"isLast":false,"currentRowIndex":0,"count":21,"tableDone":false,"tableIndex":1,"percentComplete":0},{"tcTrainingColumnHeader":{"hasValidation":false,"elapsedTime":0,"remainingIterationCount":54,"hasTraining":true,"trainingAccuracy":0.95882354736328124,"validationAccuracy":0},"isLast":false,"currentRowIndex":0,"count":22,"tableDone":false,"tableIndex":1,"percentComplete":0},{"tcTrainingColumnHeader":{"hasValidation":false,"elapsedTime":0,"remainingIterationCount":53,"hasTraining":true,"trainingAccuracy":0.96764709472656252,"validationAccuracy":0},"isLast":false,"currentRowIndex":0,"count":23,"tableDone":false,"tableIndex":1,"percentComplete":0},{"tcTrainingColumnHeader":{"hasValidation":false,"elapsedTime":0,"remainingIterationCount":52,"hasTraining":true,"trainingAccuracy":0.96862747192382814,"validationAccuracy":0},"isLast":false,"currentRowIndex":0,"count":24,"tableDone":false,"tableIndex":1,"percentComplete":0},{"tcTrainingColumnHeader":{"hasValidation":false,"elapsedTime":0,"remainingIterationCount":51,"hasTraining":true,"trainingAccuracy":0.96274513244628901,"validationAccuracy":0},"isLast":false,"currentRowIndex":0,"count":25,"tableDone":false,"tableIndex":1,"percentComplete":0},{"tcTrainingColumnHeader":{"hasValidation":false,"elapsedTime":0,"remainingIterationCount":50,"hasTraining":true,"trainingAccuracy":0.96666664123535151,"validationAccuracy":0},"isLast":false,"currentRowIndex":0,"count":26,"tableDone":false,"tableIndex":1,"percentComplete":0},{"tcTrainingColumnHeader":{"hasValidation":false,"elapsedTime":0,"remainingIterationCount":49,"hasTraining":true,"trainingAccuracy":0.97058822631835939,"validationAccuracy":0},"isLast":false,"currentRowIndex":0,"count":27,"tableDone":false,"tableIndex":1,"percentComplete":0},{"tcTrainingColumnHeader":{"hasValidation":false,"elapsedTime":0,"remainingIterationCount":48,"hasTraining":true,"trainingAccuracy":0.96813728332519533,"validationAccuracy":0},"isLast":false,"currentRowIndex":0,"count":28,"tableDone":false,"tableIndex":1,"percentComplete":0},{"tcTrainingColumnHeader":{"hasValidation":false,"elapsedTime":0,"remainingIterationCount":47,"hasTraining":true,"trainingAccuracy":0.96274513244628901,"validationAccuracy":0},"isLast":false,"currentRowIndex":0,"count":29,"tableDone":false,"tableIndex":1,"percentComplete":0},{"tcTrainingColumnHeader":{"hasValidation":false,"elapsedTime":0,"remainingIterationCount":46,"hasTraining":true,"trainingAccuracy":0.97058822631835939,"validationAccuracy":0},"isLast":false,"currentRowIndex":0,"count":30,"tableDone":false,"tableIndex":1,"percentComplete":0},{"tcTrainingColumnHeader":{"hasValidation":false,"elapsedTime":0,"remainingIterationCount":45,"hasTraining":true,"trainingAccuracy":0.96960784912109377,"validationAccuracy":0},"isLast":false,"currentRowIndex":0,"count":31,"tableDone":false,"tableIndex":1,"percentComplete":0},{"tcTrainingColumnHeader":{"hasValidation":false,"elapsedTime":0,"remainingIterationCount":44,"hasTraining":true,"trainingAccuracy":0.96421569824218745,"validationAccuracy":0},"isLast":false,"currentRowIndex":0,"count":32,"tableDone":false,"tableIndex":1,"percentComplete":0},{"tcTrainingColumnHeader":{"hasValidation":false,"elapsedTime":0,"remainingIterationCount":43,"hasTraining":true,"trainingAccuracy":0.95049018859863277,"validationAccuracy":0},"isLast":false,"currentRowIndex":0,"count":33,"tableDone":false,"tableIndex":1,"percentComplete":0},{"tcTrainingColumnHeader":{"hasValidation":false,"elapsedTime":0,"remainingIterationCount":42,"hasTraining":true,"trainingAccuracy":0.96274513244628901,"validationAccuracy":0},"isLast":false,"currentRowIndex":0,"count":34,"tableDone":false,"tableIndex":1,"percentComplete":0},{"tcTrainingColumnHeader":{"hasValidation":false,"elapsedTime":0,"remainingIterationCount":41,"hasTraining":true,"trainingAccuracy":0.96715682983398432,"validationAccuracy":0},"isLast":false,"currentRowIndex":0,"count":35,"tableDone":false,"tableIndex":1,"percentComplete":0},{"tcTrainingColumnHeader":{"hasValidation":false,"elapsedTime":0,"remainingIterationCount":40,"hasTraining":true,"trainingAccuracy":0.96470588684082026,"validationAccuracy":0},"isLast":false,"currentRowIndex":0,"count":36,"tableDone":false,"tableIndex":1,"percentComplete":0},{"tcTrainingColumnHeader":{"hasValidation":false,"elapsedTime":0,"remainingIterationCount":39,"hasTraining":true,"trainingAccuracy":0.97107841491699221,"validationAccuracy":0},"isLast":false,"currentRowIndex":0,"count":37,"tableDone":false,"tableIndex":1,"percentComplete":0},{"tcTrainingColumnHeader":{"hasValidation":false,"elapsedTime":0,"remainingIterationCount":38,"hasTraining":true,"trainingAccuracy":0.96813728332519533,"validationAccuracy":0},"isLast":false,"currentRowIndex":0,"count":38,"tableDone":false,"tableIndex":1,"percentComplete":0},{"tcTrainingColumnHeader":{"hasValidation":false,"elapsedTime":0,"remainingIterationCount":37,"hasTraining":true,"trainingAccuracy":0.95588233947753909,"validationAccuracy":0},"isLast":false,"currentRowIndex":0,"count":39,"tableDone":false,"tableIndex":1,"percentComplete":0},{"tcTrainingColumnHeader":{"hasValidation":false,"elapsedTime":0,"remainingIterationCount":36,"hasTraining":true,"trainingAccuracy":0.96372550964355463,"validationAccuracy":0},"isLast":false,"currentRowIndex":0,"count":40,"tableDone":false,"tableIndex":1,"percentComplete":0},{"tcTrainingColumnHeader":{"hasValidation":false,"elapsedTime":0,"remainingIterationCount":35,"hasTraining":true,"trainingAccuracy":0.96274513244628901,"validationAccuracy":0},"isLast":false,"currentRowIndex":0,"count":41,"tableDone":false,"tableIndex":1,"percentComplete":0},{"tcTrainingColumnHeader":{"hasValidation":false,"elapsedTime":0,"remainingIterationCount":34,"hasTraining":true,"trainingAccuracy":0.95931373596191405,"validationAccuracy":0},"isLast":false,"currentRowIndex":0,"count":42,"tableDone":false,"tableIndex":1,"percentComplete":0},{"tcTrainingColumnHeader":{"hasValidation":false,"elapsedTime":0,"remainingIterationCount":33,"hasTraining":true,"trainingAccuracy":0.9661764526367187,"validationAccuracy":0},"isLast":false,"currentRowIndex":0,"count":43,"tableDone":false,"tableIndex":1,"percentComplete":0},{"tcTrainingColumnHeader":{"hasValidation":false,"elapsedTime":0,"remainingIterationCount":32,"hasTraining":true,"trainingAccuracy":0.9563725280761719,"validationAccuracy":0},"isLast":false,"currentRowIndex":0,"count":44,"tableDone":false,"tableIndex":1,"percentComplete":0},{"tcTrainingColumnHeader":{"hasValidation":false,"elapsedTime":0,"remainingIterationCount":31,"hasTraining":true,"trainingAccuracy":0.96960784912109377,"validationAccuracy":0},"isLast":false,"currentRowIndex":0,"count":45,"tableDone":false,"tableIndex":1,"percentComplete":0},{"tcTrainingColumnHeader":{"hasValidation":false,"elapsedTime":0,"remainingIterationCount":30,"hasTraining":true,"trainingAccuracy":0.96911766052246096,"validationAccuracy":0},"isLast":false,"currentRowIndex":0,"count":46,"tableDone":false,"tableIndex":1,"percentComplete":0},{"tcTrainingColumnHeader":{"hasValidation":false,"elapsedTime":0,"remainingIterationCount":29,"hasTraining":true,"trainingAccuracy":0.96470588684082026,"validationAccuracy":0},"isLast":false,"currentRowIndex":0,"count":47,"tableDone":false,"tableIndex":1,"percentComplete":0},{"tcTrainingColumnHeader":{"hasValidation":false,"elapsedTime":0,"remainingIterationCount":28,"hasTraining":true,"trainingAccuracy":0.95294120788574221,"validationAccuracy":0},"isLast":false,"currentRowIndex":0,"count":48,"tableDone":false,"tableIndex":1,"percentComplete":0},{"tcTrainingColumnHeader":{"hasValidation":false,"elapsedTime":0,"remainingIterationCount":27,"hasTraining":true,"trainingAccuracy":0.96323532104492182,"validationAccuracy":0},"isLast":false,"currentRowIndex":0,"count":49,"tableDone":false,"tableIndex":1,"percentComplete":0},{"tcTrainingColumnHeader":{"hasValidation":false,"elapsedTime":0,"remainingIterationCount":26,"hasTraining":true,"trainingAccuracy":0.96666664123535151,"validationAccuracy":0},"isLast":false,"currentRowIndex":0,"count":50,"tableDone":false,"tableIndex":1,"percentComplete":0},{"tcTrainingColumnHeader":{"hasValidation":false,"elapsedTime":0,"remainingIterationCount":25,"hasTraining":true,"trainingAccuracy":0.96176467895507811,"validationAccuracy":0},"isLast":false,"currentRowIndex":0,"count":51,"tableDone":false,"tableIndex":1,"percentComplete":0},{"tcTrainingColumnHeader":{"hasValidation":false,"elapsedTime":0,"remainingIterationCount":24,"hasTraining":true,"trainingAccuracy":0.9612744903564453,"validationAccuracy":0},"isLast":false,"currentRowIndex":0,"count":52,"tableDone":false,"tableIndex":1,"percentComplete":0},{"tcTrainingColumnHeader":{"hasValidation":false,"elapsedTime":0,"remainingIterationCount":23,"hasTraining":true,"trainingAccuracy":0.9661764526367187,"validationAccuracy":0},"isLast":false,"currentRowIndex":0,"count":53,"tableDone":false,"tableIndex":1,"percentComplete":0},{"tcTrainingColumnHeader":{"hasValidation":false,"elapsedTime":0,"remainingIterationCount":22,"hasTraining":true,"trainingAccuracy":0.96372550964355463,"validationAccuracy":0},"isLast":false,"currentRowIndex":0,"count":54,"tableDone":false,"tableIndex":1,"percentComplete":0},{"tcTrainingColumnHeader":{"hasValidation":false,"elapsedTime":0,"remainingIterationCount":21,"hasTraining":true,"trainingAccuracy":0.96323532104492182,"validationAccuracy":0},"isLast":false,"currentRowIndex":0,"count":55,"tableDone":false,"tableIndex":1,"percentComplete":0},{"tcTrainingColumnHeader":{"hasValidation":false,"elapsedTime":0,"remainingIterationCount":20,"hasTraining":true,"trainingAccuracy":0.96813728332519533,"validationAccuracy":0},"isLast":false,"currentRowIndex":0,"count":56,"tableDone":false,"tableIndex":1,"percentComplete":0},{"tcTrainingColumnHeader":{"hasValidation":false,"elapsedTime":0,"remainingIterationCount":19,"hasTraining":true,"trainingAccuracy":0.96470588684082026,"validationAccuracy":0},"isLast":false,"currentRowIndex":0,"count":57,"tableDone":false,"tableIndex":1,"percentComplete":0},{"tcTrainingColumnHeader":{"hasValidation":false,"elapsedTime":0,"remainingIterationCount":18,"hasTraining":true,"trainingAccuracy":0.96323532104492182,"validationAccuracy":0},"isLast":false,"currentRowIndex":0,"count":58,"tableDone":false,"tableIndex":1,"percentComplete":0},{"tcTrainingColumnHeader":{"hasValidation":false,"elapsedTime":0,"remainingIterationCount":17,"hasTraining":true,"trainingAccuracy":0.9563725280761719,"validationAccuracy":0},"isLast":false,"currentRowIndex":0,"count":59,"tableDone":false,"tableIndex":1,"percentComplete":0},{"tcTrainingColumnHeader":{"hasValidation":false,"elapsedTime":0,"remainingIterationCount":16,"hasTraining":true,"trainingAccuracy":0.96372550964355463,"validationAccuracy":0},"isLast":false,"currentRowIndex":0,"count":60,"tableDone":false,"tableIndex":1,"percentComplete":0},{"tcTrainingColumnHeader":{"hasValidation":false,"elapsedTime":0,"remainingIterationCount":15,"hasTraining":true,"trainingAccuracy":0.96029411315917967,"validationAccuracy":0},"isLast":false,"currentRowIndex":0,"count":61,"tableDone":false,"tableIndex":1,"percentComplete":0},{"tcTrainingColumnHeader":{"hasValidation":false,"elapsedTime":0,"remainingIterationCount":14,"hasTraining":true,"trainingAccuracy":0.9661764526367187,"validationAccuracy":0},"isLast":false,"currentRowIndex":0,"count":62,"tableDone":false,"tableIndex":1,"percentComplete":0},{"tcTrainingColumnHeader":{"hasValidation":false,"elapsedTime":0,"remainingIterationCount":13,"hasTraining":true,"trainingAccuracy":0.95980392456054686,"validationAccuracy":0},"isLast":false,"currentRowIndex":0,"count":63,"tableDone":false,"tableIndex":1,"percentComplete":0},{"tcTrainingColumnHeader":{"hasValidation":false,"elapsedTime":0,"remainingIterationCount":12,"hasTraining":true,"trainingAccuracy":0.96715682983398432,"validationAccuracy":0},"isLast":false,"currentRowIndex":0,"count":64,"tableDone":false,"tableIndex":1,"percentComplete":0},{"tcTrainingColumnHeader":{"hasValidation":false,"elapsedTime":0,"remainingIterationCount":11,"hasTraining":true,"trainingAccuracy":0.95784317016601561,"validationAccuracy":0},"isLast":false,"currentRowIndex":0,"count":65,"tableDone":false,"tableIndex":1,"percentComplete":0},{"tcTrainingColumnHeader":{"hasValidation":false,"elapsedTime":0,"remainingIterationCount":10,"hasTraining":true,"trainingAccuracy":0.95833335876464842,"validationAccuracy":0},"isLast":false,"currentRowIndex":0,"count":66,"tableDone":false,"tableIndex":1,"percentComplete":0},{"tcTrainingColumnHeader":{"hasValidation":false,"elapsedTime":0,"remainingIterationCount":9,"hasTraining":true,"trainingAccuracy":0.96176467895507811,"validationAccuracy":0},"isLast":false,"currentRowIndex":0,"count":67,"tableDone":false,"tableIndex":1,"percentComplete":0},{"tcTrainingColumnHeader":{"hasValidation":false,"elapsedTime":0,"remainingIterationCount":8,"hasTraining":true,"trainingAccuracy":0.9661764526367187,"validationAccuracy":0},"isLast":false,"currentRowIndex":0,"count":68,"tableDone":false,"tableIndex":1,"percentComplete":0},{"tcTrainingColumnHeader":{"hasValidation":false,"elapsedTime":0,"remainingIterationCount":7,"hasTraining":true,"trainingAccuracy":0.95784317016601561,"validationAccuracy":0},"isLast":false,"currentRowIndex":0,"count":69,"tableDone":false,"tableIndex":1,"percentComplete":0},{"tcTrainingColumnHeader":{"hasValidation":false,"elapsedTime":0,"remainingIterationCount":6,"hasTraining":true,"trainingAccuracy":0.96862747192382814,"validationAccuracy":0},"isLast":false,"currentRowIndex":0,"count":70,"tableDone":false,"tableIndex":1,"percentComplete":0},{"tcTrainingColumnHeader":{"hasValidation":false,"elapsedTime":0,"remainingIterationCount":5,"hasTraining":true,"trainingAccuracy":0.96911766052246096,"validationAccuracy":0},"isLast":false,"currentRowIndex":0,"count":71,"tableDone":false,"tableIndex":1,"percentComplete":0},{"tcTrainingColumnHeader":{"hasValidation":false,"elapsedTime":0,"remainingIterationCount":4,"hasTraining":true,"trainingAccuracy":0.96176467895507811,"validationAccuracy":0},"isLast":false,"currentRowIndex":0,"count":72,"tableDone":false,"tableIndex":1,"percentComplete":0},{"tcTrainingColumnHeader":{"hasValidation":false,"elapsedTime":0,"remainingIterationCount":3,"hasTraining":true,"trainingAccuracy":0.96666664123535151,"validationAccuracy":0},"isLast":false,"currentRowIndex":0,"count":73,"tableDone":false,"tableIndex":1,"percentComplete":0},{"tcTrainingColumnHeader":{"hasValidation":false,"elapsedTime":0,"remainingIterationCount":2,"hasTraining":true,"trainingAccuracy":0.95882354736328124,"validationAccuracy":0},"isLast":false,"currentRowIndex":0,"count":74,"tableDone":false,"tableIndex":1,"percentComplete":0},{"tcTrainingColumnHeader":{"hasValidation":false,"elapsedTime":0,"remainingIterationCount":1,"hasTraining":true,"trainingAccuracy":0.96323532104492182,"validationAccuracy":0},"isLast":false,"currentRowIndex":0,"count":75,"tableDone":true,"tableIndex":1,"percentComplete":0},{"currentRowIndex":0,"tableIndex":0,"count":145,"isLast":false,"percentComplete":0,"tableDone":false},{"currentRowIndex":0,"tableIndex":0,"count":245,"isLast":false,"percentComplete":0,"tableDone":false},{"currentRowIndex":0,"tableIndex":0,"count":345,"isLast":false,"percentComplete":0,"tableDone":false},{"currentRowIndex":0,"tableIndex":0,"count":445,"isLast":false,"percentComplete":0,"tableDone":false},{"currentRowIndex":0,"tableIndex":0,"count":545,"isLast":false,"percentComplete":0,"tableDone":false},{"currentRowIndex":0,"tableIndex":0,"count":645,"isLast":false,"percentComplete":0,"tableDone":false},{"currentRowIndex":0,"tableIndex":0,"count":745,"isLast":false,"percentComplete":0,"tableDone":false},{"currentRowIndex":0,"tableIndex":0,"count":845,"isLast":false,"percentComplete":0,"tableDone":false},{"currentRowIndex":0,"tableIndex":0,"count":945,"isLast":false,"percentComplete":0,"tableDone":false},{"currentRowIndex":0,"tableIndex":0,"count":1045,"isLast":false,"percentComplete":0,"tableDone":false},{"currentRowIndex":0,"tableIndex":0,"count":1145,"isLast":false,"percentComplete":0,"tableDone":false},{"currentRowIndex":0,"tableIndex":0,"count":1245,"isLast":false,"percentComplete":0,"tableDone":false},{"currentRowIndex":0,"tableIndex":0,"count":1345,"isLast":false,"percentComplete":0,"tableDone":false},{"currentRowIndex":0,"tableIndex":0,"count":1445,"isLast":false,"percentComplete":0,"tableDone":false},{"currentRowIndex":0,"tableIndex":0,"count":1545,"isLast":false,"percentComplete":0,"tableDone":false},{"currentRowIndex":0,"tableIndex":0,"count":1645,"isLast":false,"percentComplete":0,"tableDone":false},{"currentRowIndex":0,"tableIndex":0,"count":1745,"isLast":false,"percentComplete":0,"tableDone":false},{"currentRowIndex":0,"tableIndex":0,"count":1845,"isLast":false,"percentComplete":0,"tableDone":false},{"currentRowIndex":0,"tableIndex":0,"count":1945,"isLast":false,"percentComplete":0,"tableDone":false},{"currentRowIndex":0,"tableIndex":0,"count":2045,"isLast":false,"percentComplete":0,"tableDone":true}],"trainingAccuracy":0.96870415647921759,"checkpointMetrics":{},"analysedDataType":"none","dataSourceID":"32AA8022-7DD4-4816-9618-5ACA9E72B21D","snapshottableCheckpoints":{},"validationAccuracy":0.82499999999999996,"startTime":"2022-10-29T03:40:10Z"},"createdDate":"2022-10-29T03:39:39Z","evaluationContainerEntity":{"testingEvaluationEntity":{"result":{"textClassifier":{"statsByLabel":{"pos":{"count":418,"precisionRecall":{"success":{"recall":0.95215311004784686,"precision":0.82572614107883813}}},"neu":{"count":64,"precisionRecall":{"success":{"recall":0.140625,"precision":0.29999999999999999}}},"neg":{"count":59,"precisionRecall":{"success":{"recall":0.20338983050847459,"precision":0.41379310344827586}}}},"accuracy":0.77449168207024033}},"createdDate":"2022-10-29T03:39:39Z","id":"caa375a9-47c8-450c-925d-941052f491e1","dataURL":"file:\/\/\/Users\/kirakiraakira\/Downloads\/zrj\/data\/test\/","dataSourceID":"11EAC9D8-D84B-4801-8071-CAAE2F59AE73","dataResult":{"itemsCount":541,"createdDate":"2022-10-29T03:39:39Z","dataURL":"file:\/\/\/Users\/kirakiraakira\/Downloads\/zrj\/data\/test\/","dataSourceID":"11EAC9D8-D84B-4801-8071-CAAE2F59AE73","classesCount":3,"analysis":{"summary":{"sampleCount":541,"classCount":3,"canUseValidation":1},"issues":[{"description":"3 classes found, including pos, neu, neg","severity":"debug"},{"description":"541 texts found, automatically creating validation set","severity":"good"},{"description":"Smallest class is \"neg\" with 59 texts","severity":"debug"},{"description":"Largest class is \"pos\" with 418 text","severity":"debug"}],"classifierAnalysis":{"labelStats":{"neg":59,"neu":64,"pos":418}}}},"analysedDataType":"none","accuracy":0.77449168207024033,"startTime":"2022-10-29T03:45:11Z","finishTime":"2022-10-29T03:45:26Z"},"createdDate":"2022-10-29T19:54:40Z","id":"eefdbf20-ee43-4376-bb99-1fa7fe869996","trainingEvaluationEntity":{"result":{"textClassifier":{"confusionMatrix":[{"expected":"neg","actual":"neg","count":166},{"expected":"neu","actual":"neg","count":10},{"expected":"pos","actual":"neg","count":12},{"expected":"neg","actual":"neu","count":3},{"expected":"neu","actual":"neu","count":167},{"expected":"pos","actual":"neu","count":24},{"expected":"neg","actual":"pos","count":3},{"expected":"neu","actual":"pos","count":12},{"expected":"pos","actual":"pos","count":1648}],"statsByLabel":{"pos":{"count":1663,"precisionRecall":{"success":{"recall":0.99098015634395675,"precision":0.97862232779097391}}},"neu":{"count":194,"precisionRecall":{"success":{"recall":0.86082474226804129,"precision":0.8835978835978836}}},"neg":{"count":188,"precisionRecall":{"success":{"recall":0.88297872340425532,"precision":0.96511627906976749}}}},"accuracy":0.96870415647921759}},"createdDate":"2022-10-29T03:39:39Z","id":"1ab9d87a-0601-4183-ba08-f8e159ed0402","dataURL":"file:\/\/\/Users\/kirakiraakira\/Downloads\/zrj\/data\/train\/","dataSourceID":"32AA8022-7DD4-4816-9618-5ACA9E72B21D","dataResult":{"itemsCount":2165,"createdDate":"2022-10-29T03:39:39Z","dataURL":"file:\/\/\/Users\/kirakiraakira\/Downloads\/zrj\/data\/train\/","dataSourceID":"32AA8022-7DD4-4816-9618-5ACA9E72B21D","classesCount":3,"analysis":{"summary":{"sampleCount":2165,"classCount":3,"canUseValidation":1},"issues":[{"description":"3 classes found, including pos, neu, neg","severity":"debug"},{"description":"2165 texts found, automatically creating validation set","severity":"good"},{"description":"Smallest class is \"neg\" with 198 texts","severity":"debug"},{"description":"Largest class is \"pos\" with 1756 text","severity":"debug"}],"classifierAnalysis":{"labelStats":{"neg":198,"neu":211,"pos":1756}}}},"analysedDataType":"none"},"previewType":"textClassifier","modifiedDate":"2022-10-29T19:54:40Z","validationEvaluationEntity":{"result":{"textClassifier":{"confusionMatrix":[{"expected":"neg","actual":"neg","count":5},{"expected":"neu","actual":"neg","count":2},{"expected":"pos","actual":"neg","count":3},{"expected":"neg","actual":"neu","count":2},{"expected":"neu","actual":"neu","count":6},{"expected":"pos","actual":"neu","count":9},{"expected":"neg","actual":"pos","count":2},{"expected":"neu","actual":"pos","count":3},{"expected":"pos","actual":"pos","count":88}],"statsByLabel":{"pos":{"count":93,"precisionRecall":{"success":{"recall":0.94623655913978499,"precision":0.88}}},"neu":{"count":17,"precisionRecall":{"success":{"recall":0.35294117647058826,"precision":0.54545454545454541}}},"neg":{"count":10,"precisionRecall":{"success":{"recall":0.5,"precision":0.55555555555555558}}}},"accuracy":0.82499999999999996}},"id":"a4100e45-7cb0-4ae4-98d0-b2c6b022fc64","createdDate":"2022-10-29T03:39:39Z","dataResult":{"createdDate":"2022-10-29T03:39:39Z"},"analysedDataType":"auto"},"evaluationEntities":[{"result":{"textClassifier":{"statsByLabel":{"pos":{"count":418,"precisionRecall":{"success":{"recall":0.95215311004784686,"precision":0.82572614107883813}}},"neu":{"count":64,"precisionRecall":{"success":{"recall":0.140625,"precision":0.29999999999999999}}},"neg":{"count":59,"precisionRecall":{"success":{"recall":0.20338983050847459,"precision":0.41379310344827586}}}},"accuracy":0.77449168207024033}},"createdDate":"2022-10-29T03:39:39Z","id":"caa375a9-47c8-450c-925d-941052f491e1","dataURL":"file:\/\/\/Users\/kirakiraakira\/Downloads\/zrj\/data\/test\/","dataSourceID":"11EAC9D8-D84B-4801-8071-CAAE2F59AE73","dataResult":{"itemsCount":541,"createdDate":"2022-10-29T03:39:39Z","dataURL":"file:\/\/\/Users\/kirakiraakira\/Downloads\/zrj\/data\/test\/","dataSourceID":"11EAC9D8-D84B-4801-8071-CAAE2F59AE73","classesCount":3,"analysis":{"summary":{"sampleCount":541,"classCount":3,"canUseValidation":1},"issues":[{"description":"3 classes found, including pos, neu, neg","severity":"debug"},{"description":"541 texts found, automatically creating validation set","severity":"good"},{"description":"Smallest class is \"neg\" with 59 texts","severity":"debug"},{"description":"Largest class is \"pos\" with 418 text","severity":"debug"}],"classifierAnalysis":{"labelStats":{"neg":59,"neu":64,"pos":418}}}},"analysedDataType":"none","accuracy":0.77449168207024033,"startTime":"2022-10-29T03:45:11Z","finishTime":"2022-10-29T03:45:26Z"}]},"evaluationEntities":[],"activityEntities":["evaluationFinished",[{"id":"107FC80F-0441-429E-B085-F110280C6232","title":"Testing Completed","createdDate":"2022-10-29T03:45:26Z","event":"evaluationFinished","subtitle":"cs229_proj_v2 copy 1"}],"experimentCreated",[{"id":"A1865715-511D-48CA-8469-2019A595A004","title":"Model Source Created","createdDate":"2022-10-29T03:39:39Z","event":"experimentCreated","subtitle":"cs229_proj_v2 copy 1"}],"evaluationStarted",[{"id":"AA7348BD-A3A2-4F81-A26E-EC8AA1D2080F","title":"Testing Started","createdDate":"2022-10-29T03:45:11Z","event":"evaluationStarted","subtitle":"cs229_proj_v2 copy 1"}],"trainingFinished",[{"id":"BD934E4B-8AE9-48BB-B0D9-25D94B44D57E","title":"Training Completed","createdDate":"2022-10-29T03:45:08Z","event":"trainingFinished","subtitle":"75 iterations"}],"trainingStarted",[{"id":"8C951CA2-EE46-4CF9-85D2-6305C255AD40","title":"Training Started","createdDate":"2022-10-29T03:40:10Z","event":"trainingStarted","subtitle":"75 iterations"}]],"title":"cs229_proj_v2 copy 1","evaluationEntity":{"id":"83da275f-4d67-4e83-9014-7f236347a033","createdDate":"2022-10-29T03:39:39Z","dataResult":{"createdDate":"2022-10-29T03:39:39Z"},"analysedDataType":"none"},"evaluationState":"evaluated","snapshotRole":{"withoutSnapshots":0},"modifiedDate":"2022-10-29T19:54:40Z","contentDataResult":{"createdDate":"2022-10-28T20:40:31Z"},"preferredFilename":"cs229_proj_v2 copy 1"}